species,element_a,element_b,charge,electronic_state,phase,temperature_K,endpoint,value_kJ_mol,uncertainty_kJ_mol,uncertainty_status,provenance_record
H2,H,H,0,CCCBDB state 1 / configuration 1 (ground-state record),gas,0,D0 dissociation energy to ground-state atoms,432.1,,not_reported,NIST CCCBDB Experimental Atomization Energies; selected species snapshot
LiH,Li,H,0,CCCBDB state 1 / configuration 1 (ground-state record),gas,0,D0 dissociation energy to ground-state atoms,233.0,1.0,reported,NIST CCCBDB Experimental Atomization Energies; selected species snapshot
Li2,Li,Li,0,CCCBDB state 1 / configuration 1 (ground-state record),gas,0,D0 dissociation energy to ground-state atoms,100.0,3.6,reported,NIST CCCBDB Experimental Atomization Energies; selected species snapshot
BeH,Be,H,0,CCCBDB state 1 / configuration 1 (ground-state record),gas,0,D0 dissociation energy to ground-state atoms,216.8,29.4,reported,NIST CCCBDB Experimental Atomization Energies; selected species snapshot
BH,B,H,0,CCCBDB state 1 / configuration 1 (ground-state record),gas,0,D0 dissociation energy to ground-state atoms,336.4,9.8,reported,NIST CCCBDB Experimental Atomization Energies; selected species snapshot
B2,B,B,0,CCCBDB state 1 / configuration 1 (ground-state record),gas,0,D0 dissociation energy to ground-state atoms,290.0,18.0,reported,NIST CCCBDB Experimental Atomization Energies; selected species snapshot
CH,C,H,0,CCCBDB state 1 / configuration 1 (ground-state record),gas,0,D0 dissociation energy to ground-state atoms,334.7,1.4,reported,NIST CCCBDB Experimental Atomization Energies; selected species snapshot
C2,C,C,0,CCCBDB state 1 / configuration 1 (ground-state record),gas,0,D0 dissociation energy to ground-state atoms,600.0,10.0,reported,NIST CCCBDB Experimental Atomization Energies; selected species snapshot
NH,N,H,0,CCCBDB state 1 / configuration 1 (ground-state record),gas,0,D0 dissociation energy to ground-state atoms,328.5,10.0,reported,NIST CCCBDB Experimental Atomization Energies; selected species snapshot
BN,B,N,0,CCCBDB state 1 / configuration 1 (ground-state record),gas,0,D0 dissociation energy to ground-state atoms,470.0,60.2,reported,NIST CCCBDB Experimental Atomization Energies; selected species snapshot
CN,C,N,0,CCCBDB state 1 / configuration 1 (ground-state record),gas,0,D0 dissociation energy to ground-state atoms,745.0,5.0,reported,NIST CCCBDB Experimental Atomization Energies; selected species snapshot
N2,N,N,0,CCCBDB state 1 / configuration 1 (ground-state record),gas,0,D0 dissociation energy to ground-state atoms,941.6,0.8,reported,NIST CCCBDB Experimental Atomization Energies; selected species snapshot
OH,O,H,0,CCCBDB state 1 / configuration 1 (ground-state record),gas,0,D0 dissociation energy to ground-state atoms,425.8,0.3,reported,NIST CCCBDB Experimental Atomization Energies; selected species snapshot
BO,B,O,0,CCCBDB state 1 / configuration 1 (ground-state record),gas,0,D0 dissociation energy to ground-state atoms,800.0,12.1,reported,NIST CCCBDB Experimental Atomization Energies; selected species snapshot
CO,C,O,0,CCCBDB state 1 / configuration 1 (ground-state record),gas,0,D0 dissociation energy to ground-state atoms,1071.8,0.5,reported,NIST CCCBDB Experimental Atomization Energies; selected species snapshot
NO,N,O,0,CCCBDB state 1 / configuration 1 (ground-state record),gas,0,D0 dissociation energy to ground-state atoms,627.1,0.4,reported,NIST CCCBDB Experimental Atomization Energies; selected species snapshot
O2,O,O,0,CCCBDB state 1 / configuration 1 (ground-state record),gas,0,D0 dissociation energy to ground-state atoms,493.7,0.2,reported,NIST CCCBDB Experimental Atomization Energies; selected species snapshot
HF,H,F,0,CCCBDB state 1 / configuration 1 (ground-state record),gas,0,D0 dissociation energy to ground-state atoms,566.6,0.8,reported,NIST CCCBDB Experimental Atomization Energies; selected species snapshot
BF,B,F,0,CCCBDB state 1 / configuration 1 (ground-state record),gas,0,D0 dissociation energy to ground-state atoms,747.2,11.2,reported,NIST CCCBDB Experimental Atomization Energies; selected species snapshot
CF,C,F,0,CCCBDB state 1 / configuration 1 (ground-state record),gas,0,D0 dissociation energy to ground-state atoms,536.9,8.0,reported,NIST CCCBDB Experimental Atomization Energies; selected species snapshot
F2,F,F,0,CCCBDB state 1 / configuration 1 (ground-state record),gas,0,D0 dissociation energy to ground-state atoms,154.5,0.6,reported,NIST CCCBDB Experimental Atomization Energies; selected species snapshot
FO,F,O,0,CCCBDB state 1 / configuration 1 (ground-state record),gas,0,D0 dissociation energy to ground-state atoms,215.7,10.0,reported,NIST CCCBDB Experimental Atomization Energies; selected species snapshot
NF,N,F,0,CCCBDB state 1 / configuration 1 (ground-state record),gas,0,D0 dissociation energy to ground-state atoms,315.1,3.0,reported,NIST CCCBDB Experimental Atomization Energies; selected species snapshot
NaH,Na,H,0,CCCBDB state 1 / configuration 1 (ground-state record),gas,0,D0 dissociation energy to ground-state atoms,197.6,19.2,reported,NIST CCCBDB Experimental Atomization Energies; selected species snapshot
Na2,Na,Na,0,CCCBDB state 1 / configuration 1 (ground-state record),gas,0,D0 dissociation energy to ground-state atoms,70.9,1.8,reported,NIST CCCBDB Experimental Atomization Energies; selected species snapshot
MgH,Mg,H,0,CCCBDB state 1 / configuration 1 (ground-state record),gas,0,D0 dissociation energy to ground-state atoms,131.6,6.2,reported,NIST CCCBDB Experimental Atomization Energies; selected species snapshot
MgO,Mg,O,0,CCCBDB state 1 / configuration 1 (ground-state record),gas,0,D0 dissociation energy to ground-state atoms,241.7,21.0,reported,NIST CCCBDB Experimental Atomization Energies; selected species snapshot
AlH,Al,H,0,CCCBDB state 1 / configuration 1 (ground-state record),gas,0,D0 dissociation energy to ground-state atoms,294.3,5.3,reported,NIST CCCBDB Experimental Atomization Energies; selected species snapshot
AlO,Al,O,0,CCCBDB state 1 / configuration 1 (ground-state record),gas,0,D0 dissociation energy to ground-state atoms,507.5,8.9,reported,NIST CCCBDB Experimental Atomization Energies; selected species snapshot
SiH,Si,H,0,CCCBDB state 1 / configuration 1 (ground-state record),gas,0,D0 dissociation energy to ground-state atoms,294.8,11.3,reported,NIST CCCBDB Experimental Atomization Energies; selected species snapshot
Si2,Si,Si,0,CCCBDB state 1 / configuration 1 (ground-state record),gas,0,D0 dissociation energy to ground-state atoms,311.3,27.2,reported,NIST CCCBDB Experimental Atomization Energies; selected species snapshot
SiN,Si,N,0,CCCBDB state 1 / configuration 1 (ground-state record),gas,0,D0 dissociation energy to ground-state atoms,514.0,36.9,reported,NIST CCCBDB Experimental Atomization Energies; selected species snapshot
SiO,Si,O,0,CCCBDB state 1 / configuration 1 (ground-state record),gas,0,D0 dissociation energy to ground-state atoms,794.1,11.6,reported,NIST CCCBDB Experimental Atomization Energies; selected species snapshot
PH,P,H,0,CCCBDB state 1 / configuration 1 (ground-state record),gas,0,D0 dissociation energy to ground-state atoms,277.2,33.5,reported,NIST CCCBDB Experimental Atomization Energies; selected species snapshot
P2,P,P,0,CCCBDB state 1 / configuration 1 (ground-state record),gas,0,D0 dissociation energy to ground-state atoms,485.5,2.8,reported,NIST CCCBDB Experimental Atomization Energies; selected species snapshot
PN,P,N,0,CCCBDB state 1 / configuration 1 (ground-state record),gas,0,D0 dissociation energy to ground-state atoms,614.0,15.0,reported,NIST CCCBDB Experimental Atomization Energies; selected species snapshot
PO,P,O,0,CCCBDB state 1 / configuration 1 (ground-state record),gas,0,D0 dissociation energy to ground-state atoms,590.0,3.4,reported,NIST CCCBDB Experimental Atomization Energies; selected species snapshot
HS,H,S,0,CCCBDB state 1 / configuration 1 (ground-state record),gas,0,D0 dissociation energy to ground-state atoms,351.0,3.5,reported,NIST CCCBDB Experimental Atomization Energies; selected species snapshot
PS,P,S,0,CCCBDB state 1 / configuration 1 (ground-state record),gas,0,D0 dissociation energy to ground-state atoms,440.0,12.0,reported,NIST CCCBDB Experimental Atomization Energies; selected species snapshot
S2,S,S,0,CCCBDB state 1 / configuration 1 (ground-state record),gas,0,D0 dissociation energy to ground-state atoms,421.6,0.4,reported,NIST CCCBDB Experimental Atomization Energies; selected species snapshot
HCl,H,Cl,0,CCCBDB state 1 / configuration 1 (ground-state record),gas,0,D0 dissociation energy to ground-state atoms,427.8,0.1,reported,NIST CCCBDB Experimental Atomization Energies; selected species snapshot
Cl2,Cl,Cl,0,CCCBDB state 1 / configuration 1 (ground-state record),gas,0,D0 dissociation energy to ground-state atoms,239.3,0.0,reported,NIST CCCBDB Experimental Atomization Energies; selected species snapshot
ClF,Cl,F,0,CCCBDB state 1 / configuration 1 (ground-state record),gas,0,D0 dissociation energy to ground-state atoms,247.1,0.5,reported,NIST CCCBDB Experimental Atomization Energies; selected species snapshot
ClO,Cl,O,0,CCCBDB state 1 / configuration 1 (ground-state record),gas,0,D0 dissociation energy to ground-state atoms,265.2,2.1,reported,NIST CCCBDB Experimental Atomization Energies; selected species snapshot
NaCl,Na,Cl,0,CCCBDB state 1 / configuration 1 (ground-state record),gas,0,D0 dissociation energy to ground-state atoms,407.4,2.2,reported,NIST CCCBDB Experimental Atomization Energies; selected species snapshot
CaO,Ca,O,0,CCCBDB state 1 / configuration 1 (ground-state record),gas,0,D0 dissociation energy to ground-state atoms,385.0,10.0,reported,NIST CCCBDB Experimental Atomization Energies; selected species snapshot
CuO,Cu,O,0,CCCBDB state 1 / configuration 1 (ground-state record),gas,0,D0 dissociation energy to ground-state atoms,277.2,41.8,reported,NIST CCCBDB Experimental Atomization Energies; selected species snapshot
HBr,H,Br,0,CCCBDB state 1 / configuration 1 (ground-state record),gas,0,D0 dissociation energy to ground-state atoms,362.4,0.2,reported,NIST CCCBDB Experimental Atomization Energies; selected species snapshot
Br2,Br,Br,0,CCCBDB state 1 / configuration 1 (ground-state record),gas,0,D0 dissociation energy to ground-state atoms,190.2,0.3,reported,NIST CCCBDB Experimental Atomization Energies; selected species snapshot
BrCl,Br,Cl,0,CCCBDB state 1 / configuration 1 (ground-state record),gas,0,D0 dissociation energy to ground-state atoms,215.3,0.2,reported,NIST CCCBDB Experimental Atomization Energies; selected species snapshot
HI,H,I,0,CCCBDB state 1 / configuration 1 (ground-state record),gas,0,D0 dissociation energy to ground-state atoms,294.5,0.1,reported,NIST CCCBDB Experimental Atomization Energies; selected species snapshot
I2,I,I,0,CCCBDB state 1 / configuration 1 (ground-state record),gas,0,D0 dissociation energy to ground-state atoms,148.8,0.1,reported,NIST CCCBDB Experimental Atomization Energies; selected species snapshot
