ubp_id,symbol,id_atomic_number,period,chemical_class,lexicon,vector_weight,nrci,tax_exact,atomic_mass,boiling_point,melting_point,atomic_number,density
ELEM_H_001,H,1,PERIOD_1,NONMETAL,"[Element: Hydrogen (H)], [Hydrogen (Z=1). A Gas (Phase 1) with Hexagonal potential. Valence 1. Tension: 4. It is the seed of the material octave, born from the Proton-Electron union.]",8,0.7623459965437248,125770049993645688642280060735776022759730663314546448544691/40344489343054752407088436891842371820968160890283666757563,126/125,507/25,1401/100,1,2247/25000
ELEM_He_002,He,2,PERIOD_1,NOBLE_GAS,"[Element: Helium (He)], [Helium (Z=2). A Gas (Phase 1) with FCC/Cubic potential. Valence 2. Tension: 4. The first noble closure, completing the 1s shell.]",8,0.7623459965437248,125770049993645688642280060735776022759730663314546448544691/40344489343054752407088436891842371820968160890283666757563,20013/5000,211/50,19/20,2,893/5000
ELEM_Li_003,Li,3,PERIOD_2,ALKALI_METAL,"[Element: Lithium (Li)], [Lithium (Z=3). A Solid (Phase 3) with BCC potential. Valence 1. Tension: 7. Period 2 alkali opener, single valence electron seeking union.]",8,0.7623459965437248,125770049993645688642280060735776022759730663314546448544691/40344489343054752407088436891842371820968160890283666757563,6941/1000,1615,9073/20,3,267/500
ELEM_Be_004,Be,4,PERIOD_2,ALKALINE_EARTH,"[Element: Beryllium (Be)], [Beryllium (Z=4). A Solid (Phase 3) with Hexagonal potential. Valence 2. Tension: 6. A Alkaline Earth element in period 2.]",12,0.6813796908424689,125770049993645688642280060735776022759730663314546448544691/26896326228703168271392291261228247880645440593522444505042,45061/5000,2742,1560,4,37/20
ELEM_B_005,B,5,PERIOD_2,METALLOID,"[Element: Boron (B)], [Boron (Z=5). A Solid (Phase 3) with Other/Unknown potential. Valence 3. Tension: 8. A Metalloid element in period 2.]",8,0.7623459965437248,125770049993645688642280060735776022759730663314546448544691/40344489343054752407088436891842371820968160890283666757563,1081/100,4200,2349,5,117/50
ELEM_C_006,C,6,PERIOD_2,NONMETAL,"[Element: Carbon (C)], [Carbon (Z=6). A Solid (Phase 3) with Hexagonal potential. Valence 4. Tension: 6. A Nonmetal element in period 2.]",12,0.6813796908424689,125770049993645688642280060735776022759730663314546448544691/26896326228703168271392291261228247880645440593522444505042,12011/1000,4098,3823,6,2267/1000
ELEM_N_007,N,7,PERIOD_2,NONMETAL,"[Element: Nitrogen (N)], [Nitrogen (Z=7). A Gas (Phase 1) with Hexagonal potential. Valence 5. Tension: 4. A Nonmetal element in period 2.]",8,0.7623459965437248,125770049993645688642280060735776022759730663314546448544691/40344489343054752407088436891842371820968160890283666757563,14007/1000,1934/25,1263/20,7,1251/1000
ELEM_O_008,O,8,PERIOD_2,NONMETAL,"[Element: Oxygen (O)], [Oxygen (Z=8). A Gas (Phase 1) with Monoclinic potential. Valence 6. Tension: 6. A Nonmetal element in period 2.]",12,0.6813796908424689,125770049993645688642280060735776022759730663314546448544691/26896326228703168271392291261228247880645440593522444505042,15999/1000,451/5,1359/25,8,1429/1000
ELEM_F_009,F,9,PERIOD_2,HALOGEN,"[Element: Fluorine (F)], [Fluorine (Z=9). A Gas (Phase 1) with Monoclinic potential. Valence 7. Tension: 9. A Halogen element in period 2.]",8,0.7623459965437248,125770049993645688642280060735776022759730663314546448544691/40344489343054752407088436891842371820968160890283666757563,9499/500,8503/100,5353/100,9,212/125
ELEM_Ne_010,Ne,10,PERIOD_2,NOBLE_GAS,"[Element: Neon (Ne)], [Neon (Z=10). A Gas (Phase 1) with FCC/Cubic potential. Valence 8. Tension: 3. A noble gas closure at period 2, full shell stability.]",8,0.7623459965437248,125770049993645688642280060735776022759730663314546448544691/40344489343054752407088436891842371820968160890283666757563,1009/50,2707/100,614/25,10,4501/5000
ELEM_Na_011,Na,11,PERIOD_3,ALKALI_METAL,"[Element: Sodium (Na)], [Sodium (Z=11). A Solid (Phase 3) with BCC potential. Valence 1. Tension: 8. Period 3 alkali opener, single valence electron seeking union.]",8,0.7623459965437248,125770049993645688642280060735776022759730663314546448544691/40344489343054752407088436891842371820968160890283666757563,2299/100,1156,7419/20,11,971/1000
ELEM_Mg_012,Mg,12,PERIOD_3,ALKALINE_EARTH,"[Element: Magnesium (Mg)], [Magnesium (Z=12). A Solid (Phase 3) with Hexagonal potential. Valence 2. Tension: 6. A Alkaline Earth element in period 3.]",8,0.7623459965437248,125770049993645688642280060735776022759730663314546448544691/40344489343054752407088436891842371820968160890283666757563,4861/200,1363,923,12,869/500
ELEM_Al_013,Al,13,PERIOD_3,POST_TRANSITION_METAL,"[Element: Aluminum (Al)], [Aluminum (Z=13). A Solid (Phase 3) with FCC/Cubic potential. Valence 3. Tension: 6. A Post Transition element in period 3.]",12,0.6813796908424689,125770049993645688642280060735776022759730663314546448544691/26896326228703168271392291261228247880645440593522444505042,13491/500,2792,93347/100,13,27/10
ELEM_Si_014,Si,14,PERIOD_3,METALLOID,"[Element: Silicon (Si)], [Silicon (Z=14). A Solid (Phase 3) with FCC/Cubic potential. Valence 4. Tension: 3. A Metalloid element in period 3.]",8,0.7623459965437248,125770049993645688642280060735776022759730663314546448544691/40344489343054752407088436891842371820968160890283666757563,14043/500,3538,1687,14,1456/625
ELEM_P_015,P,15,PERIOD_3,NONMETAL,"[Element: Phosphorus (P)], [Phosphorus (Z=15). A Solid (Phase 3) with Orthorhombic potential. Valence 5. Tension: 5. A Nonmetal element in period 3.]",8,0.7623459965437248,125770049993645688642280060735776022759730663314546448544691/40344489343054752407088436891842371820968160890283666757563,15487/500,11073/20,3173/10,15,91/50
ELEM_S_016,S,16,PERIOD_3,NONMETAL,"[Element: Sulfur (S)], [Sulfur (Z=16). A Solid (Phase 3) with Orthorhombic potential. Valence 6. Tension: 3. A Nonmetal element in period 3.]",8,0.7623459965437248,125770049993645688642280060735776022759730663314546448544691/40344489343054752407088436891842371820968160890283666757563,1603/50,71787/100,9709/25,16,2067/1000
ELEM_Cl_017,Cl,17,PERIOD_3,HALOGEN,"[Element: Chlorine (Cl)], [Chlorine (Z=17). A Gas (Phase 1) with Orthorhombic potential. Valence 7. Tension: 3. A Halogen element in period 3.]",12,0.6813796908424689,125770049993645688642280060735776022759730663314546448544691/26896326228703168271392291261228247880645440593522444505042,709/20,23911/100,858/5,17,1607/500
ELEM_Ar_018,Ar,18,PERIOD_3,NOBLE_GAS,"[Element: Argon (Ar)], [Argon (Z=18). A Gas (Phase 1) with FCC/Cubic potential. Valence 8. Tension: 7. A noble gas closure at period 3, full shell stability.]",12,0.6813796908424689,125770049993645688642280060735776022759730663314546448544691/26896326228703168271392291261228247880645440593522444505042,9987/250,873/10,419/5,18,223/125
ELEM_K_019,K,19,PERIOD_4,ALKALI_METAL,"[Element: Potassium (K)], [Potassium (Z=19). A Solid (Phase 3) with BCC potential. Valence 1. Tension: 6. Period 4 alkali opener, single valence electron seeking union.]",8,0.7623459965437248,125770049993645688642280060735776022759730663314546448544691/40344489343054752407088436891842371820968160890283666757563,19549/500,1032,33653/100,19,431/500
ELEM_Ca_020,Ca,20,PERIOD_4,ALKALINE_EARTH,"[Element: Calcium (Ca)], [Calcium (Z=20). A Solid (Phase 3) with FCC/Cubic potential. Valence 2. Tension: 9. A Alkaline Earth element in period 4.]",12,0.6813796908424689,125770049993645688642280060735776022759730663314546448544691/26896326228703168271392291261228247880645440593522444505042,20039/500,1757,1115,20,77/50
ELEM_Sc_021,Sc,21,PERIOD_4,TRANSITION_METAL,"[Element: Scandium (Sc)], [Scandium (Z=21). A Solid (Phase 3) with Hexagonal potential. Valence 2. Tension: 7. A d-block transition metal in period 4, variable oxidation character.]",12,0.6813796908424689,125770049993645688642280060735776022759730663314546448544691/26896326228703168271392291261228247880645440593522444505042,11239/250,3109,1814,21,2989/1000
ELEM_Ti_022,Ti,22,PERIOD_4,TRANSITION_METAL,"[Element: Titanium (Ti)], [Titanium (Z=22). A Solid (Phase 3) with Hexagonal potential. Valence 2. Tension: 6. A d-block transition metal in period 4, variable oxidation character.]",12,0.6813796908424689,125770049993645688642280060735776022759730663314546448544691/26896326228703168271392291261228247880645440593522444505042,47867/1000,3560,1941,22,2253/500
ELEM_V_023,V,23,PERIOD_4,TRANSITION_METAL,"[Element: Vanadium (V)], [Vanadium (Z=23). A Solid (Phase 3) with BCC potential. Valence 2. Tension: 8. A d-block transition metal in period 4, variable oxidation character.]",12,0.6813796908424689,125770049993645688642280060735776022759730663314546448544691/26896326228703168271392291261228247880645440593522444505042,25471/500,3680,2183,23,611/100
ELEM_Cr_024,Cr,24,PERIOD_4,TRANSITION_METAL,"[Element: Chromium (Cr)], [Chromium (Z=24). A Solid (Phase 3) with BCC potential. Valence 1. Tension: 5. A d-block transition metal in period 4, variable oxidation character.]",8,0.7623459965437248,125770049993645688642280060735776022759730663314546448544691/40344489343054752407088436891842371820968160890283666757563,12999/250,2944,2180,24,143/20
ELEM_Mn_025,Mn,25,PERIOD_4,TRANSITION_METAL,"[Element: Manganese (Mn)], [Manganese (Z=25). A Solid (Phase 3) with BCC potential. Valence 2. Tension: 6. A d-block transition metal in period 4, variable oxidation character.]",8,0.7623459965437248,125770049993645688642280060735776022759730663314546448544691/40344489343054752407088436891842371820968160890283666757563,27469/500,2334,1519,25,186/25
ELEM_Fe_026,Fe,26,PERIOD_4,TRANSITION_METAL,"[Element: Iron (Fe)], [Iron (Z=26). A Solid (Phase 3) with BCC potential. Valence 2. Tension: 5. A d-block transition metal in period 4, variable oxidation character.]",12,0.6813796908424689,125770049993645688642280060735776022759730663314546448544691/26896326228703168271392291261228247880645440593522444505042,11169/200,3134,1811,26,3937/500
ELEM_Co_027,Co,27,PERIOD_4,TRANSITION_METAL,"[Element: Cobalt (Co)], [Cobalt (Z=27). A Solid (Phase 3) with Hexagonal potential. Valence 2. Tension: 7. A d-block transition metal in period 4, variable oxidation character.]",8,0.7623459965437248,125770049993645688642280060735776022759730663314546448544691/40344489343054752407088436891842371820968160890283666757563,58933/1000,3200,1768,27,89/10
ELEM_Ni_028,Ni,28,PERIOD_4,TRANSITION_METAL,"[Element: Nickel (Ni)], [Nickel (Z=28). A Solid (Phase 3) with FCC/Cubic potential. Valence 2. Tension: 5. A d-block transition metal in period 4, variable oxidation character.]",8,0.7623459965437248,125770049993645688642280060735776022759730663314546448544691/40344489343054752407088436891842371820968160890283666757563,58693/1000,3186,1728,28,2227/250
ELEM_Cu_029,Cu,29,PERIOD_4,TRANSITION_METAL,"[Element: Copper (Cu)], [Copper (Z=29). A Solid (Phase 3) with FCC/Cubic potential. Valence 1. Tension: 5. A d-block transition metal in period 4, variable oxidation character.]",8,0.7623459965437248,125770049993645688642280060735776022759730663314546448544691/40344489343054752407088436891842371820968160890283666757563,31773/500,2835,135777/100,29,224/25
ELEM_Zn_030,Zn,30,PERIOD_4,TRANSITION_METAL,"[Element: Zinc (Zn)], [Zinc (Z=30). A Solid (Phase 3) with Hexagonal potential. Valence 2. Tension: 5. A d-block transition metal in period 4, variable oxidation character.]",12,0.6813796908424689,125770049993645688642280060735776022759730663314546448544691/26896326228703168271392291261228247880645440593522444505042,3269/50,1180,17317/25,30,3567/500
ELEM_Ga_031,Ga,31,PERIOD_4,POST_TRANSITION_METAL,"[Element: Gallium (Ga)], [Gallium (Z=31). A Solid (Phase 3) with Orthorhombic potential. Valence 3. Tension: 6. A Post Transition element in period 4.]",8,0.7623459965437248,125770049993645688642280060735776022759730663314546448544691/40344489343054752407088436891842371820968160890283666757563,69723/1000,2477,30291/100,31,5907/1000
ELEM_Ge_032,Ge,32,PERIOD_4,METALLOID,"[Element: Germanium (Ge)], [Germanium (Z=32). A Solid (Phase 3) with FCC/Cubic potential. Valence 4. Tension: 5. A Metalloid element in period 4.]",8,0.7623459965437248,125770049993645688642280060735776022759730663314546448544691/40344489343054752407088436891842371820968160890283666757563,7263/100,3106,6057/5,32,5323/1000
ELEM_As_033,As,33,PERIOD_4,METALLOID,"[Element: Arsenic (As)], [Arsenic (Z=33). A Solid (Phase 3) with Other/Unknown potential. Valence 5. Tension: 5. A Metalloid element in period 4.]",8,0.7623459965437248,125770049993645688642280060735776022759730663314546448544691/40344489343054752407088436891842371820968160890283666757563,37461/500,887,1090,33,722/125
ELEM_Se_034,Se,34,PERIOD_4,NONMETAL,"[Element: Selenium (Se)], [Selenium (Z=34). A Solid (Phase 3) with Hexagonal potential. Valence 6. Tension: 6. A Nonmetal element in period 4.]",8,0.7623459965437248,125770049993645688642280060735776022759730663314546448544691/40344489343054752407088436891842371820968160890283666757563,78971/1000,958,494,34,4809/1000
ELEM_Br_035,Br,35,PERIOD_4,HALOGEN,"[Element: Bromine (Br)], [Bromine (Z=35). A Liquid (Phase 2) with Orthorhombic potential. Valence 7. Tension: 7. A Halogen element in period 4.]",12,0.6813796908424689,125770049993645688642280060735776022759730663314546448544691/26896326228703168271392291261228247880645440593522444505042,9988/125,332,1329/5,35,7757/2500
ELEM_Kr_036,Kr,36,PERIOD_4,NOBLE_GAS,"[Element: Krypton (Kr)], [Krypton (Z=36). A Gas (Phase 1) with FCC/Cubic potential. Valence 8. Tension: 7. A noble gas closure at period 4, full shell stability.]",8,0.7623459965437248,125770049993645688642280060735776022759730663314546448544691/40344489343054752407088436891842371820968160890283666757563,41899/500,11993/100,11579/100,36,3749/1000
ELEM_Rb_037,Rb,37,PERIOD_5,ALKALI_METAL,"[Element: Rubidium (Rb)], [Rubidium (Z=37). A Solid (Phase 3) with BCC potential. Valence 1. Tension: 7. Period 5 alkali opener, single valence electron seeking union.]",12,0.6813796908424689,125770049993645688642280060735776022759730663314546448544691/26896326228703168271392291261228247880645440593522444505042,21367/250,961,15623/50,37,383/250
ELEM_Sr_038,Sr,38,PERIOD_5,ALKALINE_EARTH,"[Element: Strontium (Sr)], [Strontium (Z=38). A Solid (Phase 3) with FCC/Cubic potential. Valence 2. Tension: 6. A Alkaline Earth element in period 5.]",8,0.7623459965437248,125770049993645688642280060735776022759730663314546448544691/40344489343054752407088436891842371820968160890283666757563,4381/50,1655,1050,38,66/25
ELEM_Y_039,Y,39,PERIOD_5,TRANSITION_METAL,"[Element: Yttrium (Y)], [Yttrium (Z=39). A Solid (Phase 3) with Hexagonal potential. Valence 2. Tension: 6. A d-block transition metal in period 5, variable oxidation character.]",8,0.7623459965437248,125770049993645688642280060735776022759730663314546448544691/40344489343054752407088436891842371820968160890283666757563,44453/500,3609,1799,39,4469/1000
ELEM_Zr_040,Zr,40,PERIOD_5,TRANSITION_METAL,"[Element: Zirconium (Zr)], [Zirconium (Z=40). A Solid (Phase 3) with Hexagonal potential. Valence 2. Tension: 7. A d-block transition metal in period 5, variable oxidation character.]",12,0.6813796908424689,125770049993645688642280060735776022759730663314546448544691/26896326228703168271392291261228247880645440593522444505042,11403/125,4682,2128,40,3253/500
ELEM_Nb_041,Nb,41,PERIOD_5,TRANSITION_METAL,"[Element: Niobium (Nb)], [Niobium (Z=41). A Solid (Phase 3) with BCC potential. Valence 1. Tension: 7. A d-block transition metal in period 5, variable oxidation character.]",12,0.6813796908424689,125770049993645688642280060735776022759730663314546448544691/26896326228703168271392291261228247880645440593522444505042,46453/500,5017,2750,41,857/100
ELEM_Mo_042,Mo,42,PERIOD_5,TRANSITION_METAL,"[Element: Molybdenum (Mo)], [Molybdenum (Z=42). A Solid (Phase 3) with BCC potential. Valence 1. Tension: 6. A d-block transition metal in period 5, variable oxidation character.]",12,0.6813796908424689,125770049993645688642280060735776022759730663314546448544691/26896326228703168271392291261228247880645440593522444505042,1919/20,4912,2896,42,511/50
ELEM_Tc_043,Tc,43,PERIOD_5,TRANSITION_METAL,"[Element: Technetium (Tc)], [Technetium (Z=43). A Solid (Phase 3) with Hexagonal potential. Valence 2. Tension: 7. A d-block transition metal in period 5, variable oxidation character.]",12,0.6813796908424689,125770049993645688642280060735776022759730663314546448544691/26896326228703168271392291261228247880645440593522444505042,98,4538,2430,43,23/2
ELEM_Ru_044,Ru,44,PERIOD_5,TRANSITION_METAL,"[Element: Ruthenium (Ru)], [Ruthenium (Z=44). A Solid (Phase 3) with Hexagonal potential. Valence 1. Tension: 6. A d-block transition metal in period 5, variable oxidation character.]",12,0.6813796908424689,125770049993645688642280060735776022759730663314546448544691/26896326228703168271392291261228247880645440593522444505042,10107/100,4423,2607,44,1237/100
ELEM_Rh_045,Rh,45,PERIOD_5,TRANSITION_METAL,"[Element: Rhodium (Rh)], [Rhodium (Z=45). A Solid (Phase 3) with FCC/Cubic potential. Valence 1. Tension: 7. A d-block transition metal in period 5, variable oxidation character.]",12,0.6813796908424689,125770049993645688642280060735776022759730663314546448544691/26896326228703168271392291261228247880645440593522444505042,10291/100,3968,2237,45,1241/100
ELEM_Pd_046,Pd,46,PERIOD_5,TRANSITION_METAL,"[Element: Palladium (Pd)], [Palladium (Z=46). A Solid (Phase 3) with FCC/Cubic potential. Valence 0. Tension: 5. A d-block transition metal in period 5, variable oxidation character.]",8,0.7623459965437248,125770049993645688642280060735776022759730663314546448544691/40344489343054752407088436891842371820968160890283666757563,5321/50,3236,36561/20,46,601/50
ELEM_Ag_047,Ag,47,PERIOD_5,TRANSITION_METAL,"[Element: Silver (Ag)], [Silver (Z=47). A Solid (Phase 3) with FCC/Cubic potential. Valence 1. Tension: 4. A d-block transition metal in period 5, variable oxidation character.]",8,0.7623459965437248,125770049993645688642280060735776022759730663314546448544691/40344489343054752407088436891842371820968160890283666757563,10787/100,2435,123493/100,47,10501/1000
ELEM_Cd_048,Cd,48,PERIOD_5,TRANSITION_METAL,"[Element: Cadmium (Cd)], [Cadmium (Z=48). A Solid (Phase 3) with Hexagonal potential. Valence 2. Tension: 5. A d-block transition metal in period 5, variable oxidation character.]",8,0.7623459965437248,125770049993645688642280060735776022759730663314546448544691/40344489343054752407088436891842371820968160890283666757563,11241/100,1040,29711/50,48,869/100
ELEM_In_049,In,49,PERIOD_5,POST_TRANSITION_METAL,"[Element: Indium (In)], [Indium (Z=49). A Solid (Phase 3) with Tetragonal potential. Valence 3. Tension: 9. A Post Transition element in period 5.]",12,0.6813796908424689,125770049993645688642280060735776022759730663314546448544691/26896326228703168271392291261228247880645440593522444505042,5741/50,2345,1719/4,49,731/100
ELEM_Sn_050,Sn,50,PERIOD_5,POST_TRANSITION_METAL,"[Element: Tin (Sn)], [Tin (Z=50). A Solid (Phase 3) with Tetragonal potential. Valence 4. Tension: 7. A Post Transition element in period 5.]",12,0.6813796908424689,125770049993645688642280060735776022759730663314546448544691/26896326228703168271392291261228247880645440593522444505042,11871/100,2875,12627/25,50,7287/1000
ELEM_Sb_051,Sb,51,PERIOD_5,METALLOID,"[Element: Antimony (Sb)], [Antimony (Z=51). A Solid (Phase 3) with Other/Unknown potential. Valence 5. Tension: 4. A Metalloid element in period 5.]",12,0.6813796908424689,125770049993645688642280060735776022759730663314546448544691/26896326228703168271392291261228247880645440593522444505042,3044/25,1860,45189/50,51,1337/200
ELEM_Te_052,Te,52,PERIOD_5,METALLOID,"[Element: Tellurium (Te)], [Tellurium (Z=52). A Solid (Phase 3) with Hexagonal potential. Valence 6. Tension: 4. A Metalloid element in period 5.]",12,0.6813796908424689,125770049993645688642280060735776022759730663314546448544691/26896326228703168271392291261228247880645440593522444505042,638/5,1261,36133/50,52,779/125
ELEM_I_053,I,53,PERIOD_5,HALOGEN,"[Element: Iodine (I)], [Iodine (Z=53). A Solid (Phase 3) with Orthorhombic potential. Valence 7. Tension: 3. A Halogen element in period 5.]",12,0.6813796908424689,125770049993645688642280060735776022759730663314546448544691/26896326228703168271392291261228247880645440593522444505042,1269/10,2287/5,7737/20,53,493/100
ELEM_Xe_054,Xe,54,PERIOD_5,NOBLE_GAS,"[Element: Xenon (Xe)], [Xenon (Z=54). A Gas (Phase 1) with FCC/Cubic potential. Valence 8. Tension: 9. A noble gas closure at period 5, full shell stability.]",12,0.6813796908424689,125770049993645688642280060735776022759730663314546448544691/26896326228703168271392291261228247880645440593522444505042,13129/100,16503/100,807/5,54,2947/500
ELEM_Cs_055,Cs,55,PERIOD_6,ALKALI_METAL,"[Element: Cesium (Cs)], [Cesium (Z=55). A Solid (Phase 3) with BCC potential. Valence 1. Tension: 7. Period 6 alkali opener, single valence electron seeking union.]",8,0.7623459965437248,125770049993645688642280060735776022759730663314546448544691/40344489343054752407088436891842371820968160890283666757563,13291/100,944,30159/100,55,1873/1000
ELEM_Ba_056,Ba,56,PERIOD_6,ALKALINE_EARTH,"[Element: Barium (Ba)], [Barium (Z=56). A Solid (Phase 3) with BCC potential. Valence 2. Tension: 7. A Alkaline Earth element in period 6.]",8,0.7623459965437248,125770049993645688642280060735776022759730663314546448544691/40344489343054752407088436891842371820968160890283666757563,13733/100,2170,1000,56,1797/500
ELEM_La_057,La,57,PERIOD_6,LANTHANIDE,"[Element: Lanthanum (La)], [Lanthanum (Z=57). A Solid (Phase 3) with Hexagonal potential. Valence 2. Tension: 7. An f-block element, deep orbital complexity in period 6.]",12,0.6813796908424689,125770049993645688642280060735776022759730663314546448544691/26896326228703168271392291261228247880645440593522444505042,13891/100,3737,1193,57,1229/200
ELEM_Ce_058,Ce,58,PERIOD_6,LANTHANIDE,"[Element: Cerium (Ce)], [Cerium (Z=58). A Solid (Phase 3) with FCC/Cubic potential. Valence 2. Tension: 9. An f-block element, deep orbital complexity in period 6.]",16,0.6159605143398686,251540099987291377284560121471552045519461326629092897089382/40344489343054752407088436891842371820968160890283666757563,3503/25,3716,1068,58,677/100
ELEM_Pr_059,Pr,59,PERIOD_6,LANTHANIDE,"[Element: Praseodymium (Pr)], [Praseodymium (Z=59). A Solid (Phase 3) with Hexagonal potential. Valence 2. Tension: 8. An f-block element, deep orbital complexity in period 6.]",12,0.6813796908424689,125770049993645688642280060735776022759730663314546448544691/26896326228703168271392291261228247880645440593522444505042,14091/100,3793,1208,59,6773/1000
ELEM_Nd_060,Nd,60,PERIOD_6,LANTHANIDE,"[Element: Neodymium (Nd)], [Neodymium (Z=60). A Solid (Phase 3) with Hexagonal potential. Valence 2. Tension: 5. An f-block element, deep orbital complexity in period 6.]",8,0.7623459965437248,125770049993645688642280060735776022759730663314546448544691/40344489343054752407088436891842371820968160890283666757563,3606/25,3347,1297,60,7007/1000
ELEM_Pm_061,Pm,61,PERIOD_6,LANTHANIDE,"[Element: Promethium (Pm)], [Promethium (Z=61). A Solid (Phase 3) with Hexagonal potential. Valence 2. Tension: 6. An f-block element, deep orbital complexity in period 6.]",12,0.6813796908424689,125770049993645688642280060735776022759730663314546448544691/26896326228703168271392291261228247880645440593522444505042,145,3273,1315,61,363/50
ELEM_Sm_062,Sm,62,PERIOD_6,LANTHANIDE,"[Element: Samarium (Sm)], [Samarium (Z=62). A Solid (Phase 3) with Other/Unknown potential. Valence 2. Tension: 8. An f-block element, deep orbital complexity in period 6.]",8,0.7623459965437248,125770049993645688642280060735776022759730663314546448544691/40344489343054752407088436891842371820968160890283666757563,3759/25,2067,1345,62,188/25
ELEM_Eu_063,Eu,63,PERIOD_6,LANTHANIDE,"[Element: Europium (Eu)], [Europium (Z=63). A Solid (Phase 3) with BCC potential. Valence 2. Tension: 9. An f-block element, deep orbital complexity in period 6.]",12,0.6813796908424689,125770049993645688642280060735776022759730663314546448544691/26896326228703168271392291261228247880645440593522444505042,3799/25,1802,1099,63,5243/1000
ELEM_Gd_064,Gd,64,PERIOD_6,LANTHANIDE,"[Element: Gadolinium (Gd)], [Gadolinium (Z=64). A Solid (Phase 3) with Hexagonal potential. Valence 2. Tension: 6. An f-block element, deep orbital complexity in period 6.]",8,0.7623459965437248,125770049993645688642280060735776022759730663314546448544691/40344489343054752407088436891842371820968160890283666757563,629/4,3546,1585,64,1579/200
ELEM_Tb_065,Tb,65,PERIOD_6,LANTHANIDE,"[Element: Terbium (Tb)], [Terbium (Z=65). A Solid (Phase 3) with Hexagonal potential. Valence 2. Tension: 7. An f-block element, deep orbital complexity in period 6.]",12,0.6813796908424689,125770049993645688642280060735776022759730663314546448544691/26896326228703168271392291261228247880645440593522444505042,15893/100,3503,1629,65,8229/1000
ELEM_Dy_066,Dy,66,PERIOD_6,LANTHANIDE,"[Element: Dysprosium (Dy)], [Dysprosium (Z=66). A Solid (Phase 3) with Hexagonal potential. Valence 2. Tension: 5. An f-block element, deep orbital complexity in period 6.]",12,0.6813796908424689,125770049993645688642280060735776022759730663314546448544691/26896326228703168271392291261228247880645440593522444505042,325/2,2840,1680,66,171/20
ELEM_Ho_067,Ho,67,PERIOD_6,LANTHANIDE,"[Element: Holmium (Ho)], [Holmium (Z=67). A Solid (Phase 3) with Hexagonal potential. Valence 2. Tension: 6. An f-block element, deep orbital complexity in period 6.]",12,0.6813796908424689,125770049993645688642280060735776022759730663314546448544691/26896326228703168271392291261228247880645440593522444505042,16493/100,2993,1734,67,1759/200
ELEM_Er_068,Er,68,PERIOD_6,LANTHANIDE,"[Element: Erbium (Er)], [Erbium (Z=68). A Solid (Phase 3) with Hexagonal potential. Valence 2. Tension: 7. An f-block element, deep orbital complexity in period 6.]",12,0.6813796908424689,125770049993645688642280060735776022759730663314546448544691/26896326228703168271392291261228247880645440593522444505042,8363/50,3141,1802,68,4533/500
ELEM_Tm_069,Tm,69,PERIOD_6,LANTHANIDE,"[Element: Thulium (Tm)], [Thulium (Z=69). A Solid (Phase 3) with Hexagonal potential. Valence 2. Tension: 8. An f-block element, deep orbital complexity in period 6.]",12,0.6813796908424689,125770049993645688642280060735776022759730663314546448544691/26896326228703168271392291261228247880645440593522444505042,16893/100,2223,1818,69,9321/1000
ELEM_Yb_070,Yb,70,PERIOD_6,LANTHANIDE,"[Element: Ytterbium (Yb)], [Ytterbium (Z=70). A Solid (Phase 3) with FCC/Cubic potential. Valence 2. Tension: 5. An f-block element, deep orbital complexity in period 6.]",12,0.6813796908424689,125770049993645688642280060735776022759730663314546448544691/26896326228703168271392291261228247880645440593522444505042,3461/20,1469,1097,70,1393/200
ELEM_Lu_071,Lu,71,PERIOD_6,LANTHANIDE,"[Element: Lutetium (Lu)], [Lutetium (Z=71). A Solid (Phase 3) with Hexagonal potential. Valence 2. Tension: 7. An f-block element, deep orbital complexity in period 6.]",8,0.7623459965437248,125770049993645688642280060735776022759730663314546448544691/40344489343054752407088436891842371820968160890283666757563,17497/100,3675,1925,71,246/25
ELEM_Hf_072,Hf,72,PERIOD_6,TRANSITION_METAL,"[Element: Hafnium (Hf)], [Hafnium (Z=72). A Solid (Phase 3) with Hexagonal potential. Valence 2. Tension: 6. A d-block transition metal in period 6, variable oxidation character.]",12,0.6813796908424689,125770049993645688642280060735776022759730663314546448544691/26896326228703168271392291261228247880645440593522444505042,17849/100,4876,2506,72,1331/100
ELEM_Ta_073,Ta,73,PERIOD_6,TRANSITION_METAL,"[Element: Tantalum (Ta)], [Tantalum (Z=73). A Solid (Phase 3) with BCC potential. Valence 2. Tension: 7. A d-block transition metal in period 6, variable oxidation character.]",8,0.7623459965437248,125770049993645688642280060735776022759730663314546448544691/40344489343054752407088436891842371820968160890283666757563,3619/20,5731,3290,73,8327/500
ELEM_W_074,W,74,PERIOD_6,TRANSITION_METAL,"[Element: Tungsten (W)], [Tungsten (Z=74). A Solid (Phase 3) with BCC potential. Valence 2. Tension: 6. A d-block transition metal in period 6, variable oxidation character.]",16,0.6159605143398686,251540099987291377284560121471552045519461326629092897089382/40344489343054752407088436891842371820968160890283666757563,4596/25,5828,3695,74,77/4
ELEM_Re_075,Re,75,PERIOD_6,TRANSITION_METAL,"[Element: Rhenium (Re)], [Rhenium (Z=75). A Solid (Phase 3) with Hexagonal potential. Valence 2. Tension: 7. A d-block transition metal in period 6, variable oxidation character.]",12,0.6813796908424689,125770049993645688642280060735776022759730663314546448544691/26896326228703168271392291261228247880645440593522444505042,18621/100,5869,3459,75,1051/50
ELEM_Os_076,Os,76,PERIOD_6,TRANSITION_METAL,"[Element: Osmium (Os)], [Osmium (Z=76). A Solid (Phase 3) with Hexagonal potential. Valence 2. Tension: 3. A d-block transition metal in period 6, variable oxidation character.]",8,0.7623459965437248,125770049993645688642280060735776022759730663314546448544691/40344489343054752407088436891842371820968160890283666757563,19023/100,5285,3306,76,22587/1000
ELEM_Ir_077,Ir,77,PERIOD_6,TRANSITION_METAL,"[Element: Iridium (Ir)], [Iridium (Z=77). A Solid (Phase 3) with FCC/Cubic potential. Valence 2. Tension: 2. A d-block transition metal in period 6, variable oxidation character.]",12,0.6813796908424689,125770049993645688642280060735776022759730663314546448544691/26896326228703168271392291261228247880645440593522444505042,9611/50,4701,2719,77,11281/500
ELEM_Pt_078,Pt,78,PERIOD_6,TRANSITION_METAL,"[Element: Platinum (Pt)], [Platinum (Z=78). A Solid (Phase 3) with FCC/Cubic potential. Valence 1. Tension: 5. A d-block transition metal in period 6, variable oxidation character.]",12,0.6813796908424689,125770049993645688642280060735776022759730663314546448544691/26896326228703168271392291261228247880645440593522444505042,4877/25,4098,10207/5,78,1073/50
ELEM_Au_079,Au,79,PERIOD_6,TRANSITION_METAL,"[Element: Gold (Au)], [Gold (Z=79). A Solid (Phase 3) with FCC/Cubic potential. Valence 1. Tension: 8. A d-block transition metal in period 6, variable oxidation character.]",8,0.7623459965437248,125770049993645688642280060735776022759730663314546448544691/40344489343054752407088436891842371820968160890283666757563,19697/100,3129,133733/100,79,9641/500
ELEM_Hg_080,Hg,80,PERIOD_6,TRANSITION_METAL,"[Element: Mercury (Hg)], [Mercury (Z=80). A Liquid (Phase 2) with Other/Unknown potential. Valence 2. Tension: 1. A d-block transition metal in period 6, variable oxidation character.]",12,0.6813796908424689,125770049993645688642280060735776022759730663314546448544691/26896326228703168271392291261228247880645440593522444505042,20059/100,15747/25,5858/25,80,16917/1250
ELEM_Tl_081,Tl,81,PERIOD_6,POST_TRANSITION_METAL,"[Element: Thallium (Tl)], [Thallium (Z=81). A Solid (Phase 3) with Hexagonal potential. Valence 3. Tension: 4. A Post Transition element in period 6.]",12,0.6813796908424689,125770049993645688642280060735776022759730663314546448544691/26896326228703168271392291261228247880645440593522444505042,10219/50,1746,577,81,237/20
ELEM_Pb_082,Pb,82,PERIOD_6,POST_TRANSITION_METAL,"[Element: Lead (Pb)], [Lead (Z=82). A Solid (Phase 3) with FCC/Cubic potential. Valence 4. Tension: 6. A Post Transition element in period 6.]",16,0.6159605143398686,251540099987291377284560121471552045519461326629092897089382/40344489343054752407088436891842371820968160890283666757563,1036/5,2022,60061/100,82,5671/500
ELEM_Bi_083,Bi,83,PERIOD_6,POST_TRANSITION_METAL,"[Element: Bismuth (Bi)], [Bismuth (Z=83). A Solid (Phase 3) with Other/Unknown potential. Valence 5. Tension: 8. A Post Transition element in period 6.]",12,0.6813796908424689,125770049993645688642280060735776022759730663314546448544691/26896326228703168271392291261228247880645440593522444505042,10449/50,1837,10891/20,83,9807/1000
ELEM_Po_084,Po,84,PERIOD_6,POST_TRANSITION_METAL,"[Element: Polonium (Po)], [Polonium (Z=84). A Solid (Phase 3) with Monoclinic potential. Valence 6. Tension: 4. A Post Transition element in period 6.]",16,0.6159605143398686,251540099987291377284560121471552045519461326629092897089382/40344489343054752407088436891842371820968160890283666757563,209,1235,527,84,233/25
ELEM_At_085,At,85,PERIOD_6,HALOGEN,"[Element: Astatine (At)], [Astatine (Z=85). A Solid (Phase 3) with Other/Unknown potential. Valence 7. Tension: 6. A Halogen element in period 6.]",12,0.6813796908424689,125770049993645688642280060735776022759730663314546448544691/26896326228703168271392291261228247880645440593522444505042,210,610,575,85,127/20
ELEM_Rn_086,Rn,86,PERIOD_6,NOBLE_GAS,"[Element: Radon (Rn)], [Radon (Z=86). A Gas (Phase 1) with FCC/Cubic potential. Valence 8. Tension: 9. A noble gas closure at period 6, full shell stability.]",12,0.6813796908424689,125770049993645688642280060735776022759730663314546448544691/26896326228703168271392291261228247880645440593522444505042,222,2113/10,202,86,973/100
ELEM_Fr_087,Fr,87,PERIOD_7,ALKALI_METAL,"[Element: Francium (Fr)], [Francium (Z=87). A Solid (Phase 3) with BCC potential. Valence 1. Tension: 6. Period 7 alkali opener, single valence electron seeking union.]",12,0.6813796908424689,125770049993645688642280060735776022759730663314546448544691/26896326228703168271392291261228247880645440593522444505042,223,950,300,87,187/100
ELEM_Ra_088,Ra,88,PERIOD_7,ALKALINE_EARTH,"[Element: Radium (Ra)], [Radium (Z=88). A Solid (Phase 3) with BCC potential. Valence 2. Tension: 6. A Alkaline Earth element in period 7.]",12,0.6813796908424689,125770049993645688642280060735776022759730663314546448544691/26896326228703168271392291261228247880645440593522444505042,226,2010,973,88,11/2
ELEM_Ac_089,Ac,89,PERIOD_7,ACTINIDE,"[Element: Actinium (Ac)], [Actinium (Z=89). A Solid (Phase 3) with FCC/Cubic potential. Valence 2. Tension: 8. An f-block element, deep orbital complexity in period 7.]",12,0.6813796908424689,125770049993645688642280060735776022759730663314546448544691/26896326228703168271392291261228247880645440593522444505042,227,3471,1323,89,1007/100
ELEM_Th_090,Th,90,PERIOD_7,ACTINIDE,"[Element: Thorium (Th)], [Thorium (Z=90). A Solid (Phase 3) with FCC/Cubic potential. Valence 2. Tension: 6. An f-block element, deep orbital complexity in period 7.]",12,0.6813796908424689,125770049993645688642280060735776022759730663314546448544691/26896326228703168271392291261228247880645440593522444505042,5801/25,5061,2115,90,293/25
ELEM_Pa_091,Pa,91,PERIOD_7,ACTINIDE,"[Element: Protactinium (Pa)], [Protactinium (Z=91). A Solid (Phase 3) with Tetragonal potential. Valence 2. Tension: 8. An f-block element, deep orbital complexity in period 7.]",12,0.6813796908424689,125770049993645688642280060735776022759730663314546448544691/26896326228703168271392291261228247880645440593522444505042,5776/25,4300,1841,91,1537/100
ELEM_U_092,U,92,PERIOD_7,ACTINIDE,"[Element: Uranium (U)], [Uranium (Z=92). A Solid (Phase 3) with Orthorhombic potential. Valence 2. Tension: 8. An f-block element, deep orbital complexity in period 7.]",12,0.6813796908424689,125770049993645688642280060735776022759730663314546448544691/26896326228703168271392291261228247880645440593522444505042,23803/100,4404,14053/10,92,379/20
ELEM_Np_093,Np,93,PERIOD_7,ACTINIDE,"[Element: Neptunium (Np)], [Neptunium (Z=93). A Solid (Phase 3) with Orthorhombic potential. Valence 2. Tension: 9. An f-block element, deep orbital complexity in period 7.]",12,0.6813796908424689,125770049993645688642280060735776022759730663314546448544691/26896326228703168271392291261228247880645440593522444505042,237,4273,917,93,409/20
ELEM_Pu_094,Pu,94,PERIOD_7,ACTINIDE,"[Element: Plutonium (Pu)], [Plutonium (Z=94). A Solid (Phase 3) with Monoclinic potential. Valence 2. Tension: 8. An f-block element, deep orbital complexity in period 7.]",8,0.7623459965437248,125770049993645688642280060735776022759730663314546448544691/40344489343054752407088436891842371820968160890283666757563,244,3501,1825/2,94,496/25
ELEM_Am_095,Am,95,PERIOD_7,ACTINIDE,"[Element: Americium (Am)], [Americium (Z=95). A Solid (Phase 3) with Hexagonal potential. Valence 2. Tension: 5. An f-block element, deep orbital complexity in period 7.]",8,0.7623459965437248,125770049993645688642280060735776022759730663314546448544691/40344489343054752407088436891842371820968160890283666757563,243,2880,1449,95,1369/100
ELEM_Cm_096,Cm,96,PERIOD_7,ACTINIDE,"[Element: Curium (Cm)], [Curium (Z=96). A Solid (Phase 3) with Hexagonal potential. Valence 2. Tension: 5. An f-block element, deep orbital complexity in period 7.]",8,0.7623459965437248,125770049993645688642280060735776022759730663314546448544691/40344489343054752407088436891842371820968160890283666757563,247,3383,1613,96,1351/100
ELEM_Bk_097,Bk,97,PERIOD_7,ACTINIDE,"[Element: Berkelium (Bk)], [Berkelium (Z=97). A Solid (Phase 3) with Hexagonal potential. Valence 2. Tension: 6. An f-block element, deep orbital complexity in period 7.]",8,0.7623459965437248,125770049993645688642280060735776022759730663314546448544691/40344489343054752407088436891842371820968160890283666757563,247,2900,1259,97,1479/100
ELEM_Cf_098,Cf,98,PERIOD_7,ACTINIDE,"[Element: Californium (Cf)], [Californium (Z=98). A Solid (Phase 3) with Hexagonal potential. Valence 2. Tension: 4. An f-block element, deep orbital complexity in period 7.]",8,0.7623459965437248,125770049993645688642280060735776022759730663314546448544691/40344489343054752407088436891842371820968160890283666757563,251,1743,1173,98,151/10
ELEM_Es_099,Es,99,PERIOD_7,ACTINIDE,"[Element: Einsteinium (Es)], [Einsteinium (Z=99). A Solid (Phase 3) with FCC/Cubic potential. Valence 2. Tension: 7. An f-block element, deep orbital complexity in period 7.]",8,0.7623459965437248,125770049993645688642280060735776022759730663314546448544691/40344489343054752407088436891842371820968160890283666757563,252,1269,1133,99,221/25
ELEM_Fm_100,Fm,100,PERIOD_7,ACTINIDE,"[Element: Fermium (Fm)], [Fermium (Z=100). A Solid (Phase 3) with Other/Unknown potential. Valence 2. Tension: 6. An f-block element, deep orbital complexity in period 7.]",8,0.7623459965437248,125770049993645688642280060735776022759730663314546448544691/40344489343054752407088436891842371820968160890283666757563,257,0,1800,100,0
ELEM_Md_101,Md,101,PERIOD_7,ACTINIDE,"[Element: Mendelevium (Md)], [Mendelevium (Z=101). A Solid (Phase 3) with Other/Unknown potential. Valence 2. Tension: 7. An f-block element, deep orbital complexity in period 7.]",12,0.6813796908424689,125770049993645688642280060735776022759730663314546448544691/26896326228703168271392291261228247880645440593522444505042,258,0,1100,101,0
ELEM_No_102,No,102,PERIOD_7,ACTINIDE,"[Element: Nobelium (No)], [Nobelium (Z=102). A Solid (Phase 3) with Other/Unknown potential. Valence 2. Tension: 5. An f-block element, deep orbital complexity in period 7.]",12,0.6813796908424689,125770049993645688642280060735776022759730663314546448544691/26896326228703168271392291261228247880645440593522444505042,259,0,1100,102,0
ELEM_Lr_103,Lr,103,PERIOD_7,ACTINIDE,"[Element: Lawrencium (Lr)], [Lawrencium (Z=103). A Solid (Phase 3) with Other/Unknown potential. Valence 3. Tension: 7. An f-block element, deep orbital complexity in period 7.]",8,0.7623459965437248,125770049993645688642280060735776022759730663314546448544691/40344489343054752407088436891842371820968160890283666757563,266,0,1900,103,0
ELEM_Rf_104,Rf,104,PERIOD_7,TRANSITION_METAL,"[Element: Rutherfordium (Rf)], [Rutherfordium (Z=104). A Solid (Phase 3) with Hexagonal potential. Valence 2. Tension: 6. A d-block transition metal in period 7, variable oxidation character.]",8,0.7623459965437248,125770049993645688642280060735776022759730663314546448544691/40344489343054752407088436891842371820968160890283666757563,267,5800,2400,104,116/5
ELEM_Db_105,Db,105,PERIOD_7,TRANSITION_METAL,"[Element: Dubnium (Db)], [Dubnium (Z=105). A Solid (Phase 3) with Other/Unknown potential. Valence 2. Tension: 5. A d-block transition metal in period 7, variable oxidation character.]",12,0.6813796908424689,125770049993645688642280060735776022759730663314546448544691/26896326228703168271392291261228247880645440593522444505042,268,0,0,105,293/10
ELEM_Sg_106,Sg,106,PERIOD_7,TRANSITION_METAL,"[Element: Seaborgium (Sg)], [Seaborgium (Z=106). A Solid (Phase 3) with Other/Unknown potential. Valence 2. Tension: 2. A d-block transition metal in period 7, variable oxidation character.]",12,0.6813796908424689,125770049993645688642280060735776022759730663314546448544691/26896326228703168271392291261228247880645440593522444505042,269,0,0,106,35
ELEM_Bh_107,Bh,107,PERIOD_7,TRANSITION_METAL,"[Element: Bohrium (Bh)], [Bohrium (Z=107). A Solid (Phase 3) with Other/Unknown potential. Valence 2. Tension: 4. A d-block transition metal in period 7, variable oxidation character.]",12,0.6813796908424689,125770049993645688642280060735776022759730663314546448544691/26896326228703168271392291261228247880645440593522444505042,270,0,0,107,371/10
ELEM_Hs_108,Hs,108,PERIOD_7,TRANSITION_METAL,"[Element: Hassium (Hs)], [Hassium (Z=108). A Solid (Phase 3) with Other/Unknown potential. Valence 2. Tension: 5. A d-block transition metal in period 7, variable oxidation character.]",8,0.7623459965437248,125770049993645688642280060735776022759730663314546448544691/40344489343054752407088436891842371820968160890283666757563,277,0,0,108,407/10
ELEM_Mt_109,Mt,109,PERIOD_7,TRANSITION_METAL,"[Element: Meitnerium (Mt)], [Meitnerium (Z=109). A Solid (Phase 3) with Other/Unknown potential. Valence 2. Tension: 8. A d-block transition metal in period 7, variable oxidation character.]",12,0.6813796908424689,125770049993645688642280060735776022759730663314546448544691/26896326228703168271392291261228247880645440593522444505042,278,0,0,109,187/5
ELEM_Ds_110,Ds,110,PERIOD_7,TRANSITION_METAL,"[Element: Darmstadtium (Ds)], [Darmstadtium (Z=110). A Solid (Phase 3) with Other/Unknown potential. Valence 2. Tension: 6. A d-block transition metal in period 7, variable oxidation character.]",12,0.6813796908424689,125770049993645688642280060735776022759730663314546448544691/26896326228703168271392291261228247880645440593522444505042,281,0,0,110,174/5
ELEM_Rg_111,Rg,111,PERIOD_7,TRANSITION_METAL,"[Element: Roentgenium (Rg)], [Roentgenium (Z=111). A Solid (Phase 3) with Other/Unknown potential. Valence 1. Tension: 5. A d-block transition metal in period 7, variable oxidation character.]",12,0.6813796908424689,125770049993645688642280060735776022759730663314546448544691/26896326228703168271392291261228247880645440593522444505042,282,0,0,111,287/10
ELEM_Cn_112,Cn,112,PERIOD_7,TRANSITION_METAL,"[Element: Copernicium (Cn)], [Copernicium (Z=112). A Liquid (Phase 2) with Other/Unknown potential. Valence 2. Tension: 6. A d-block transition metal in period 7, variable oxidation character.]",8,0.7623459965437248,125770049993645688642280060735776022759730663314546448544691/40344489343054752407088436891842371820968160890283666757563,285,357,283,112,237/10
ELEM_Nh_113,Nh,113,PERIOD_7,POST_TRANSITION_METAL,"[Element: Nihonium (Nh)], [Nihonium (Z=113). A Solid (Phase 3) with Other/Unknown potential. Valence 3. Tension: 8. A Post Transition element in period 7.]",12,0.6813796908424689,125770049993645688642280060735776022759730663314546448544691/26896326228703168271392291261228247880645440593522444505042,286,1430,700,113,16
ELEM_Fl_114,Fl,114,PERIOD_7,POST_TRANSITION_METAL,"[Element: Flerovium (Fl)], [Flerovium (Z=114). A Solid (Phase 3) with Other/Unknown potential. Valence 4. Tension: 5. A Post Transition element in period 7.]",8,0.7623459965437248,125770049993645688642280060735776022759730663314546448544691/40344489343054752407088436891842371820968160890283666757563,289,210,200,114,14
ELEM_Mc_115,Mc,115,PERIOD_7,POST_TRANSITION_METAL,"[Element: Moscovium (Mc)], [Moscovium (Z=115). A Solid (Phase 3) with Other/Unknown potential. Valence 5. Tension: 7. A Post Transition element in period 7.]",12,0.6813796908424689,125770049993645688642280060735776022759730663314546448544691/26896326228703168271392291261228247880645440593522444505042,290,1400,670,115,27/2
ELEM_Lv_116,Lv,116,PERIOD_7,POST_TRANSITION_METAL,"[Element: Livermorium (Lv)], [Livermorium (Z=116). A Solid (Phase 3) with Other/Unknown potential. Valence 6. Tension: 5. A Post Transition element in period 7.]",12,0.6813796908424689,125770049993645688642280060735776022759730663314546448544691/26896326228703168271392291261228247880645440593522444505042,293,1085,709,116,129/10
ELEM_Ts_117,Ts,117,PERIOD_7,HALOGEN,"[Element: Tennessine (Ts)], [Tennessine (Z=117). A Solid (Phase 3) with Other/Unknown potential. Valence 7. Tension: 6. A Halogen element in period 7.]",12,0.6813796908424689,125770049993645688642280060735776022759730663314546448544691/26896326228703168271392291261228247880645440593522444505042,294,883,723,117,36/5
ELEM_Og_118,Og,118,PERIOD_7,NOBLE_GAS,"[Element: Oganesson (Og)], [Oganesson (Z=118). A Gas (Phase 1) with Other/Unknown potential. Valence 8. Tension: 7. A noble gas closure at period 7, full shell stability.]",12,0.6813796908424689,125770049993645688642280060735776022759730663314546448544691/26896326228703168271392291261228247880645440593522444505042,294,350,325,118,5
