held_out_period,endpoint,family,assignment,auc,test_elements
2,GroupBlock,raw,fixed,0.5733333333333334,8
2,StandardState,raw,fixed,0.921875,8
2,GroupBlock,A,fixed,0.5466666666666666,8
2,StandardState,A,fixed,0.921875,8
2,GroupBlock,A,random_00,0.5733333333333334,8
2,StandardState,A,random_00,0.921875,8
2,GroupBlock,A,random_01,0.64,8
2,StandardState,A,random_01,0.8229166666666666,8
2,GroupBlock,A,random_02,0.5333333333333333,8
2,StandardState,A,random_02,0.8489583333333334,8
2,GroupBlock,A,random_03,0.5466666666666666,8
2,StandardState,A,random_03,0.9114583333333334,8
2,GroupBlock,A,random_04,0.6,8
2,StandardState,A,random_04,0.90625,8
2,GroupBlock,A,random_05,0.52,8
2,StandardState,A,random_05,0.9895833333333334,8
2,GroupBlock,A,random_06,0.6,8
2,StandardState,A,random_06,0.9479166666666666,8
2,GroupBlock,A,random_07,0.52,8
2,StandardState,A,random_07,0.9010416666666666,8
2,GroupBlock,A,random_08,0.5466666666666666,8
2,StandardState,A,random_08,0.9166666666666666,8
2,GroupBlock,A,random_09,0.6266666666666667,8
2,StandardState,A,random_09,0.90625,8
2,GroupBlock,A,random_10,0.6266666666666667,8
2,StandardState,A,random_10,0.9010416666666666,8
2,GroupBlock,A,random_11,0.5733333333333334,8
2,StandardState,A,random_11,0.9270833333333334,8
2,GroupBlock,A,random_12,0.5733333333333334,8
2,StandardState,A,random_12,0.9427083333333334,8
2,GroupBlock,A,random_13,0.5466666666666666,8
2,StandardState,A,random_13,0.9166666666666666,8
2,GroupBlock,A,random_14,0.5066666666666667,8
2,StandardState,A,random_14,0.8645833333333334,8
2,GroupBlock,A,random_15,0.49333333333333335,8
2,StandardState,A,random_15,0.6875,8
2,GroupBlock,B,fixed,0.5066666666666667,8
2,StandardState,B,fixed,0.9270833333333334,8
2,GroupBlock,B,random_00,0.52,8
2,StandardState,B,random_00,0.875,8
2,GroupBlock,B,random_01,0.6533333333333333,8
2,StandardState,B,random_01,0.9114583333333334,8
2,GroupBlock,B,random_02,0.5333333333333333,8
2,StandardState,B,random_02,0.9010416666666666,8
2,GroupBlock,B,random_03,0.6533333333333333,8
2,StandardState,B,random_03,0.9583333333333334,8
2,GroupBlock,B,random_04,0.6533333333333333,8
2,StandardState,B,random_04,0.9739583333333334,8
2,GroupBlock,B,random_05,0.56,8
2,StandardState,B,random_05,0.8072916666666666,8
2,GroupBlock,B,random_06,0.49333333333333335,8
2,StandardState,B,random_06,0.984375,8
2,GroupBlock,B,random_07,0.52,8
2,StandardState,B,random_07,0.9791666666666666,8
2,GroupBlock,B,random_08,0.56,8
2,StandardState,B,random_08,0.8958333333333334,8
2,GroupBlock,B,random_09,0.5333333333333333,8
2,StandardState,B,random_09,0.9010416666666666,8
2,GroupBlock,B,random_10,0.5733333333333334,8
2,StandardState,B,random_10,0.890625,8
2,GroupBlock,B,random_11,0.6533333333333333,8
2,StandardState,B,random_11,0.8802083333333334,8
2,GroupBlock,B,random_12,0.6,8
2,StandardState,B,random_12,0.859375,8
2,GroupBlock,B,random_13,0.56,8
2,StandardState,B,random_13,0.96875,8
2,GroupBlock,B,random_14,0.56,8
2,StandardState,B,random_14,0.9583333333333334,8
2,GroupBlock,B,random_15,0.6666666666666666,8
2,StandardState,B,random_15,0.90625,8
2,GroupBlock,C,fixed,0.6266666666666667,8
2,StandardState,C,fixed,0.875,8
2,GroupBlock,C,random_00,0.6266666666666667,8
2,StandardState,C,random_00,0.9270833333333334,8
2,GroupBlock,C,random_01,0.44,8
2,StandardState,C,random_01,0.8958333333333334,8
2,GroupBlock,C,random_02,0.6,8
2,StandardState,C,random_02,0.8177083333333334,8
2,GroupBlock,C,random_03,0.5466666666666666,8
2,StandardState,C,random_03,0.9791666666666666,8
2,GroupBlock,C,random_04,0.56,8
2,StandardState,C,random_04,0.953125,8
2,GroupBlock,C,random_05,0.56,8
2,StandardState,C,random_05,0.8802083333333334,8
2,GroupBlock,C,random_06,0.5466666666666666,8
2,StandardState,C,random_06,0.8489583333333334,8
2,GroupBlock,C,random_07,0.68,8
2,StandardState,C,random_07,0.9375,8
2,GroupBlock,C,random_08,0.5866666666666667,8
2,StandardState,C,random_08,1.0,8
2,GroupBlock,C,random_09,0.56,8
2,StandardState,C,random_09,0.9791666666666666,8
2,GroupBlock,C,random_10,0.5466666666666666,8
2,StandardState,C,random_10,0.9635416666666666,8
2,GroupBlock,C,random_11,0.6266666666666667,8
2,StandardState,C,random_11,0.8802083333333334,8
2,GroupBlock,C,random_12,0.4533333333333333,8
2,StandardState,C,random_12,0.984375,8
2,GroupBlock,C,random_13,0.64,8
2,StandardState,C,random_13,0.9427083333333334,8
2,GroupBlock,C,random_14,0.6133333333333333,8
2,StandardState,C,random_14,0.8854166666666666,8
2,GroupBlock,C,random_15,0.5866666666666667,8
2,StandardState,C,random_15,0.953125,8
3,GroupBlock,raw,fixed,0.9629629629629629,8
3,StandardState,raw,fixed,0.78125,8
3,GroupBlock,A,fixed,0.9629629629629629,8
3,StandardState,A,fixed,0.7916666666666666,8
3,GroupBlock,A,random_00,0.9629629629629629,8
3,StandardState,A,random_00,0.7916666666666666,8
3,GroupBlock,A,random_01,0.8518518518518519,8
3,StandardState,A,random_01,0.796875,8
3,GroupBlock,A,random_02,0.9259259259259259,8
3,StandardState,A,random_02,0.84375,8
3,GroupBlock,A,random_03,0.9259259259259259,8
3,StandardState,A,random_03,0.7239583333333334,8
3,GroupBlock,A,random_04,0.9259259259259259,8
3,StandardState,A,random_04,0.7916666666666666,8
3,GroupBlock,A,random_05,0.9629629629629629,8
3,StandardState,A,random_05,0.8541666666666666,8
3,GroupBlock,A,random_06,0.9259259259259259,8
3,StandardState,A,random_06,0.78125,8
3,GroupBlock,A,random_07,0.9259259259259259,8
3,StandardState,A,random_07,0.7760416666666666,8
3,GroupBlock,A,random_08,0.9259259259259259,8
3,StandardState,A,random_08,0.8229166666666666,8
3,GroupBlock,A,random_09,0.8148148148148148,8
3,StandardState,A,random_09,0.7760416666666666,8
3,GroupBlock,A,random_10,0.7777777777777778,8
3,StandardState,A,random_10,0.7760416666666666,8
3,GroupBlock,A,random_11,0.9629629629629629,8
3,StandardState,A,random_11,0.7864583333333334,8
3,GroupBlock,A,random_12,0.9629629629629629,8
3,StandardState,A,random_12,0.796875,8
3,GroupBlock,A,random_13,0.9259259259259259,8
3,StandardState,A,random_13,0.8072916666666666,8
3,GroupBlock,A,random_14,0.8888888888888888,8
3,StandardState,A,random_14,0.7552083333333334,8
3,GroupBlock,A,random_15,0.7777777777777778,8
3,StandardState,A,random_15,0.8333333333333334,8
3,GroupBlock,B,fixed,0.9259259259259259,8
3,StandardState,B,fixed,0.75,8
3,GroupBlock,B,random_00,0.7777777777777778,8
3,StandardState,B,random_00,0.7708333333333334,8
3,GroupBlock,B,random_01,0.8518518518518519,8
3,StandardState,B,random_01,0.765625,8
3,GroupBlock,B,random_02,0.9259259259259259,8
3,StandardState,B,random_02,0.8333333333333334,8
3,GroupBlock,B,random_03,0.9629629629629629,8
3,StandardState,B,random_03,0.828125,8
3,GroupBlock,B,random_04,0.9629629629629629,8
3,StandardState,B,random_04,0.8020833333333334,8
3,GroupBlock,B,random_05,0.9629629629629629,8
3,StandardState,B,random_05,0.859375,8
3,GroupBlock,B,random_06,0.9629629629629629,8
3,StandardState,B,random_06,0.7604166666666666,8
3,GroupBlock,B,random_07,0.9259259259259259,8
3,StandardState,B,random_07,0.8125,8
3,GroupBlock,B,random_08,0.9629629629629629,8
3,StandardState,B,random_08,0.7708333333333334,8
3,GroupBlock,B,random_09,0.9259259259259259,8
3,StandardState,B,random_09,0.796875,8
3,GroupBlock,B,random_10,0.9629629629629629,8
3,StandardState,B,random_10,0.7604166666666666,8
3,GroupBlock,B,random_11,0.9629629629629629,8
3,StandardState,B,random_11,0.8072916666666666,8
3,GroupBlock,B,random_12,0.9629629629629629,8
3,StandardState,B,random_12,0.8125,8
3,GroupBlock,B,random_13,0.9259259259259259,8
3,StandardState,B,random_13,0.8333333333333334,8
3,GroupBlock,B,random_14,0.9259259259259259,8
3,StandardState,B,random_14,0.7916666666666666,8
3,GroupBlock,B,random_15,0.9259259259259259,8
3,StandardState,B,random_15,0.7708333333333334,8
3,GroupBlock,C,fixed,0.8888888888888888,8
3,StandardState,C,fixed,0.7552083333333334,8
3,GroupBlock,C,random_00,0.9259259259259259,8
3,StandardState,C,random_00,0.8020833333333334,8
3,GroupBlock,C,random_01,0.9629629629629629,8
3,StandardState,C,random_01,0.84375,8
3,GroupBlock,C,random_02,0.8888888888888888,8
3,StandardState,C,random_02,0.7604166666666666,8
3,GroupBlock,C,random_03,0.9259259259259259,8
3,StandardState,C,random_03,0.796875,8
3,GroupBlock,C,random_04,0.9259259259259259,8
3,StandardState,C,random_04,0.7552083333333334,8
3,GroupBlock,C,random_05,0.9259259259259259,8
3,StandardState,C,random_05,0.7708333333333334,8
3,GroupBlock,C,random_06,0.9629629629629629,8
3,StandardState,C,random_06,0.7604166666666666,8
3,GroupBlock,C,random_07,0.8148148148148148,8
3,StandardState,C,random_07,0.75,8
3,GroupBlock,C,random_08,0.9259259259259259,8
3,StandardState,C,random_08,0.828125,8
3,GroupBlock,C,random_09,0.9629629629629629,8
3,StandardState,C,random_09,0.8125,8
3,GroupBlock,C,random_10,0.9629629629629629,8
3,StandardState,C,random_10,0.8333333333333334,8
3,GroupBlock,C,random_11,0.8888888888888888,8
3,StandardState,C,random_11,0.8333333333333334,8
3,GroupBlock,C,random_12,1.0,8
3,StandardState,C,random_12,0.7447916666666666,8
3,GroupBlock,C,random_13,0.8888888888888888,8
3,StandardState,C,random_13,0.7604166666666666,8
3,GroupBlock,C,random_14,0.9259259259259259,8
3,StandardState,C,random_14,0.859375,8
3,GroupBlock,C,random_15,0.8148148148148148,8
3,StandardState,C,random_15,0.75,8
4,GroupBlock,raw,fixed,0.8874441284030882,18
4,StandardState,raw,fixed,0.9214646464646464,18
4,GroupBlock,A,fixed,0.8766761479073547,18
4,StandardState,A,fixed,0.9141414141414141,18
4,GroupBlock,A,random_00,0.9039008533116619,18
4,StandardState,A,random_00,0.9265151515151515,18
4,GroupBlock,A,random_01,0.8618447785453068,18
4,StandardState,A,random_01,0.9078282828282829,18
4,GroupBlock,A,random_02,0.8715969118244616,18
4,StandardState,A,random_02,0.8949494949494949,18
4,GroupBlock,A,random_03,0.9106054449410809,18
4,StandardState,A,random_03,0.8883838383838384,18
4,GroupBlock,A,random_04,0.8933360422592442,18
4,StandardState,A,random_04,0.8977272727272727,18
4,GroupBlock,A,random_05,0.8598130841121495,18
4,StandardState,A,random_05,0.9409090909090909,18
4,GroupBlock,A,random_06,0.8583908980089394,18
4,StandardState,A,random_06,0.8964646464646465,18
4,GroupBlock,A,random_07,0.8524989841527835,18
4,StandardState,A,random_07,0.9118686868686868,18
4,GroupBlock,A,random_08,0.9077610727346607,18
4,StandardState,A,random_08,0.9434343434343434,18
4,GroupBlock,A,random_09,0.9055262088581877,18
4,StandardState,A,random_09,0.943939393939394,18
4,GroupBlock,A,random_10,0.8797236895570906,18
4,StandardState,A,random_10,0.9207070707070707,18
4,GroupBlock,A,random_11,0.8835839089800894,18
4,StandardState,A,random_11,0.8957070707070707,18
4,GroupBlock,A,random_12,0.9150751726940268,18
4,StandardState,A,random_12,0.9181818181818182,18
4,GroupBlock,A,random_13,0.897196261682243,18
4,StandardState,A,random_13,0.9414141414141414,18
4,GroupBlock,A,random_14,0.8718000812677773,18
4,StandardState,A,random_14,0.9333333333333333,18
4,GroupBlock,A,random_15,0.8746444534741975,18
4,StandardState,A,random_15,0.8558080808080808,18
4,GroupBlock,B,fixed,0.8963835839089801,18
4,StandardState,B,fixed,0.9047979797979798,18
4,GroupBlock,B,random_00,0.866111336854937,18
4,StandardState,B,random_00,0.9247474747474748,18
4,GroupBlock,B,random_01,0.8673303535148313,18
4,StandardState,B,random_01,0.9138888888888889,18
4,GroupBlock,B,random_02,0.8687525396180414,18
4,StandardState,B,random_02,0.927020202020202,18
4,GroupBlock,B,random_03,0.8506704591629419,18
4,StandardState,B,random_03,0.9267676767676768,18
4,GroupBlock,B,random_04,0.917919544900447,18
4,StandardState,B,random_04,0.9464646464646465,18
4,GroupBlock,B,random_05,0.8799268590004063,18
4,StandardState,B,random_05,0.8800505050505051,18
4,GroupBlock,B,random_06,0.9154815115806583,18
4,StandardState,B,random_06,0.9391414141414142,18
4,GroupBlock,B,random_07,0.8709874034945144,18
4,StandardState,B,random_07,0.9373737373737374,18
4,GroupBlock,B,random_08,0.8707842340511986,18
4,StandardState,B,random_08,0.8795454545454545,18
4,GroupBlock,B,random_09,0.8811458756603007,18
4,StandardState,B,random_09,0.9169191919191919,18
4,GroupBlock,B,random_10,0.8718000812677773,18
4,StandardState,B,random_10,0.9050505050505051,18
4,GroupBlock,B,random_11,0.8780983340105648,18
4,StandardState,B,random_11,0.8941919191919192,18
4,GroupBlock,B,random_12,0.8628606257618854,18
4,StandardState,B,random_12,0.9032828282828282,18
4,GroupBlock,B,random_13,0.8673303535148313,18
4,StandardState,B,random_13,0.9095959595959596,18
4,GroupBlock,B,random_14,0.8726127590410402,18
4,StandardState,B,random_14,0.9078282828282829,18
4,GroupBlock,B,random_15,0.8514831369362048,18
4,StandardState,B,random_15,0.9032828282828282,18
4,GroupBlock,C,fixed,0.870581064607883,18
4,StandardState,C,fixed,0.9462121212121212,18
4,GroupBlock,C,random_00,0.843965867533523,18
4,StandardState,C,random_00,0.8810606060606061,18
4,GroupBlock,C,random_01,0.8474197480698903,18
4,StandardState,C,random_01,0.9252525252525252,18
4,GroupBlock,C,random_02,0.8470134091832588,18
4,StandardState,C,random_02,0.8626262626262626,18
4,GroupBlock,C,random_03,0.8539211702559935,18
4,StandardState,C,random_03,0.9174242424242425,18
4,GroupBlock,C,random_04,0.8594067452255181,18
4,StandardState,C,random_04,0.8909090909090909,18
4,GroupBlock,C,random_05,0.8718000812677773,18
4,StandardState,C,random_05,0.9042929292929293,18
4,GroupBlock,C,random_06,0.8969930922389273,18
4,StandardState,C,random_06,0.8856060606060606,18
4,GroupBlock,C,random_07,0.8679398618447786,18
4,StandardState,C,random_07,0.9113636363636364,18
4,GroupBlock,C,random_08,0.8636733035351483,18
4,StandardState,C,random_08,0.9580808080808081,18
4,GroupBlock,C,random_09,0.8752539618041446,18
4,StandardState,C,random_09,0.9444444444444444,18
4,GroupBlock,C,random_10,0.8973994311255588,18
4,StandardState,C,random_10,0.921969696969697,18
4,GroupBlock,C,random_11,0.8396993092238927,18
4,StandardState,C,random_11,0.9053030303030303,18
4,GroupBlock,C,random_12,0.8827712312068265,18
4,StandardState,C,random_12,0.9098484848484848,18
4,GroupBlock,C,random_13,0.8923201950426656,18
4,StandardState,C,random_13,0.8873737373737374,18
4,GroupBlock,C,random_14,0.8813490451036164,18
4,StandardState,C,random_14,0.9477272727272728,18
4,GroupBlock,C,random_15,0.8522958147094677,18
4,StandardState,C,random_15,0.8886363636363637,18
5,GroupBlock,raw,fixed,0.8199518265756724,18
5,StandardState,raw,fixed,0.7305363321799307,18
5,GroupBlock,A,fixed,0.8127258129265356,18
5,StandardState,A,fixed,0.7504325259515571,18
5,GroupBlock,A,random_00,0.834805299076676,18
5,StandardState,A,random_00,0.7136678200692042,18
5,GroupBlock,A,random_01,0.8061019670814934,18
5,StandardState,A,random_01,0.7205882352941176,18
5,GroupBlock,A,random_02,0.8131272581292653,18
5,StandardState,A,random_02,0.6920415224913494,18
5,GroupBlock,A,random_03,0.8432356483340024,18
5,StandardState,A,random_03,0.7902249134948097,18
5,GroupBlock,A,random_04,0.839622641509434,18
5,StandardState,A,random_04,0.7681660899653979,18
5,GroupBlock,A,random_05,0.8034925732637495,18
5,StandardState,A,random_05,0.7833044982698962,18
5,GroupBlock,A,random_06,0.8097149739060618,18
5,StandardState,A,random_06,0.6479238754325259,18
5,GroupBlock,A,random_07,0.7637494981934966,18
5,StandardState,A,random_07,0.7807093425605537,18
5,GroupBlock,A,random_08,0.8366118024889603,18
5,StandardState,A,random_08,0.7785467128027682,18
5,GroupBlock,A,random_09,0.8466479325572059,18
5,StandardState,A,random_09,0.759515570934256,18
5,GroupBlock,A,random_10,0.8183460457647531,18
5,StandardState,A,random_10,0.7097750865051903,18
5,GroupBlock,A,random_11,0.8267763950220794,18
5,StandardState,A,random_11,0.7573529411764706,18
5,GroupBlock,A,random_12,0.8295865114411882,18
5,StandardState,A,random_12,0.7119377162629758,18
5,GroupBlock,A,random_13,0.8063026896828583,18
5,StandardState,A,random_13,0.7841695501730104,18
5,GroupBlock,A,random_14,0.7810116419108791,18
5,StandardState,A,random_14,0.6859861591695502,18
5,GroupBlock,A,random_15,0.8067041348855881,18
5,StandardState,A,random_15,0.6604671280276817,18
5,GroupBlock,B,fixed,0.8077077478924127,18
5,StandardState,B,fixed,0.7491349480968859,18
5,GroupBlock,B,random_00,0.7816138097149739,18
5,StandardState,B,random_00,0.7461072664359861,18
5,GroupBlock,B,random_01,0.81413087113609,18
5,StandardState,B,random_01,0.778114186851211,18
5,GroupBlock,B,random_02,0.7896427137695704,18
5,StandardState,B,random_02,0.7534602076124568,18
5,GroupBlock,B,random_03,0.7952629466077881,18
5,StandardState,B,random_03,0.7197231833910035,18
5,GroupBlock,B,random_04,0.876756322761943,18
5,StandardState,B,random_04,0.8187716262975778,18
5,GroupBlock,B,random_05,0.8161380971497391,18
5,StandardState,B,random_05,0.6963667820069204,18
5,GroupBlock,B,random_06,0.8476515455640306,18
5,StandardState,B,random_06,0.7850346020761245,18
5,GroupBlock,B,random_07,0.8129265355279004,18
5,StandardState,B,random_07,0.7608131487889274,18
5,GroupBlock,B,random_08,0.8161380971497391,18
5,StandardState,B,random_08,0.6976643598615917,18
5,GroupBlock,B,random_09,0.7832195905258932,18
5,StandardState,B,random_09,0.7820069204152249,18
5,GroupBlock,B,random_10,0.8165395423524688,18
5,StandardState,B,random_10,0.7132352941176471,18
5,GroupBlock,B,random_11,0.8147330389401847,18
5,StandardState,B,random_11,0.6583044982698962,18
5,GroupBlock,B,random_12,0.7812123645122441,18
5,StandardState,B,random_12,0.7115051903114187,18
5,GroupBlock,B,random_13,0.800080289040546,18
5,StandardState,B,random_13,0.7352941176470589,18
5,GroupBlock,B,random_14,0.8159373745483741,18
5,StandardState,B,random_14,0.7443771626297578,18
5,GroupBlock,B,random_15,0.7912484945804897,18
5,StandardState,B,random_15,0.6872837370242214,18
5,GroupBlock,C,fixed,0.797671617824167,18
5,StandardState,C,fixed,0.7383217993079585,18
5,GroupBlock,C,random_00,0.7864311521477318,18
5,StandardState,C,random_00,0.6838235294117647,18
5,GroupBlock,C,random_01,0.786029706945002,18
5,StandardState,C,random_01,0.7093425605536332,18
5,GroupBlock,C,random_02,0.7874347651545563,18
5,StandardState,C,random_02,0.6336505190311419,18
5,GroupBlock,C,random_03,0.7872340425531915,18
5,StandardState,C,random_03,0.7141003460207612,18
5,GroupBlock,C,random_04,0.7934564431955038,18
5,StandardState,C,random_04,0.6673875432525952,18
5,GroupBlock,C,random_05,0.8329987956643918,18
5,StandardState,C,random_05,0.7093425605536332,18
5,GroupBlock,C,random_06,0.7994781212364512,18
5,StandardState,C,random_06,0.6769031141868512,18
5,GroupBlock,C,random_07,0.7996788438378162,18
5,StandardState,C,random_07,0.6955017301038062,18
5,GroupBlock,C,random_08,0.8307908470493778,18
5,StandardState,C,random_08,0.8386678200692042,18
5,GroupBlock,C,random_09,0.8319951826575672,18
5,StandardState,C,random_09,0.7902249134948097,18
5,GroupBlock,C,random_10,0.8271778402248093,18
5,StandardState,C,random_10,0.7141003460207612,18
5,GroupBlock,C,random_11,0.7858289843436371,18
5,StandardState,C,random_11,0.6777681660899654,18
5,GroupBlock,C,random_12,0.8032918506623846,18
5,StandardState,C,random_12,0.745674740484429,18
5,GroupBlock,C,random_13,0.837213970293055,18
5,StandardState,C,random_13,0.7067474048442907,18
5,GroupBlock,C,random_14,0.8438378161380972,18
5,StandardState,C,random_14,0.8070934256055363,18
5,GroupBlock,C,random_15,0.7994781212364512,18
5,StandardState,C,random_15,0.6756055363321799,18
6,GroupBlock,raw,fixed,0.9048098169191919,32
6,StandardState,raw,fixed,0.6409270774448841,32
6,GroupBlock,A,fixed,0.8835819128787878,32
6,StandardState,A,fixed,0.6165818729979272,32
6,GroupBlock,A,random_00,0.9081044823232324,32
6,StandardState,A,random_00,0.6602977199924628,32
6,GroupBlock,A,random_01,0.8968789457070707,32
6,StandardState,A,random_01,0.6932353495383455,32
6,GroupBlock,A,random_02,0.9056384154040404,32
6,StandardState,A,random_02,0.6374222724703222,32
6,GroupBlock,A,random_03,0.9125434027777778,32
6,StandardState,A,random_03,0.6358771433955154,32
6,GroupBlock,A,random_04,0.9081833964646465,32
6,StandardState,A,random_04,0.6353872244205766,32
6,GroupBlock,A,random_05,0.8937421085858586,32
6,StandardState,A,random_05,0.7187111362351611,32
6,GroupBlock,A,random_06,0.8895991161616161,32
6,StandardState,A,random_06,0.6034671188995666,32
6,GroupBlock,A,random_07,0.9138849431818182,32
6,StandardState,A,random_07,0.6953080836630865,32
6,GroupBlock,A,random_08,0.9027383207070707,32
6,StandardState,A,random_08,0.6359525155455059,32
6,GroupBlock,A,random_09,0.8968000315656566,32
6,StandardState,A,random_09,0.6714904842660637,32
6,GroupBlock,A,random_10,0.8963265467171717,32
6,StandardState,A,random_10,0.6287544752214057,32
6,GroupBlock,A,random_11,0.9164101957070707,32
6,StandardState,A,random_11,0.6448464292443942,32
6,GroupBlock,A,random_12,0.9108467487373737,32
6,StandardState,A,random_12,0.6258526474467684,32
6,GroupBlock,A,random_13,0.9117148042929293,32
6,StandardState,A,random_13,0.6646693046919163,32
6,GroupBlock,A,random_14,0.894827178030303,32
6,StandardState,A,random_14,0.5959299039005088,32
6,GroupBlock,A,random_15,0.8959714330808081,32
6,StandardState,A,random_15,0.6218579234972678,32
6,GroupBlock,B,fixed,0.9083214962121212,32
6,StandardState,B,fixed,0.6521952138684756,32
6,GroupBlock,B,random_00,0.8931897095959596,32
6,StandardState,B,random_00,0.6796683625400415,32
6,GroupBlock,B,random_01,0.9008443813131313,32
6,StandardState,B,random_01,0.6614283022423214,32
6,GroupBlock,B,random_02,0.9033696338383839,32
6,StandardState,B,random_02,0.659543998492557,32
6,GroupBlock,B,random_03,0.8879419191919192,32
6,StandardState,B,random_03,0.6758243828905219,32
6,GroupBlock,B,random_04,0.8985755997474747,32
6,StandardState,B,random_04,0.7065008479366874,32
6,GroupBlock,B,random_05,0.9139835858585859,32
6,StandardState,B,random_05,0.6362540041454683,32
6,GroupBlock,B,random_06,0.9148910984848485,32
6,StandardState,B,random_06,0.6576220086677973,32
6,GroupBlock,B,random_07,0.8947285353535354,32
6,StandardState,B,random_07,0.6651215375918598,32
6,GroupBlock,B,random_08,0.9019294507575758,32
6,StandardState,B,random_08,0.620576596947428,32
6,GroupBlock,B,random_09,0.9072364267676768,32
6,StandardState,B,random_09,0.6679479932165066,32
6,GroupBlock,B,random_10,0.8999171401515151,32
6,StandardState,B,random_10,0.6164311286979461,32
6,GroupBlock,B,random_11,0.9144767992424242,32
6,StandardState,B,random_11,0.6331637459958546,32
6,GroupBlock,B,random_12,0.9062894570707071,32
6,StandardState,B,random_12,0.6456001507443,32
6,GroupBlock,B,random_13,0.9054214015151515,32
6,StandardState,B,random_13,0.6630488034671189,32
6,GroupBlock,B,random_14,0.9004695391414141,32
6,StandardState,B,random_14,0.6850951573393631,32
6,GroupBlock,B,random_15,0.8944917929292929,32
6,StandardState,B,random_15,0.6228377614471453,32
6,GroupBlock,C,fixed,0.8868173926767676,32
6,StandardState,C,fixed,0.6514038062935745,32
6,GroupBlock,C,random_00,0.9074928977272727,32
6,StandardState,C,random_00,0.6636517806670436,32
6,GroupBlock,C,random_01,0.8927754103535354,32
6,StandardState,C,random_01,0.6845298662144338,32
6,GroupBlock,C,random_02,0.9120107323232324,32
6,StandardState,C,random_02,0.5941963444507254,32
6,GroupBlock,C,random_03,0.8975299873737373,32
6,StandardState,C,random_03,0.7008856227623893,32
6,GroupBlock,C,random_04,0.9080847537878788,32
6,StandardState,C,random_04,0.649255700018843,32
6,GroupBlock,C,random_05,0.8928543244949495,32
6,StandardState,C,random_05,0.5839457320520068,32
6,GroupBlock,C,random_06,0.901238952020202,32
6,StandardState,C,random_06,0.6464669304691917,32
6,GroupBlock,C,random_07,0.9012784090909091,32
6,StandardState,C,random_07,0.6316563029960429,32
6,GroupBlock,C,random_08,0.8840553977272727,32
6,StandardState,C,random_08,0.74983983418127,32
6,GroupBlock,C,random_09,0.8966422032828283,32
6,StandardState,C,random_09,0.673864706990767,32
6,GroupBlock,C,random_10,0.9064078282828283,32
6,StandardState,C,random_10,0.6570944036178632,32
6,GroupBlock,C,random_11,0.8823587436868687,32
6,StandardState,C,random_11,0.6598454870925193,32
6,GroupBlock,C,random_12,0.902896148989899,32
6,StandardState,C,random_12,0.6913510457885811,32
6,GroupBlock,C,random_13,0.9126025883838383,32
6,StandardState,C,random_13,0.6046353872244206,32
6,GroupBlock,C,random_14,0.9106100063131313,32
6,StandardState,C,random_14,0.6639532692670058,32
6,GroupBlock,C,random_15,0.8963660037878788,32
6,StandardState,C,random_15,0.6339928396457509,32
7,GroupBlock,raw,fixed,0.6822310586125567,32
7,StandardState,raw,fixed,0.49501779359430603,32
7,GroupBlock,A,fixed,0.6674171101105199,32
7,StandardState,A,fixed,0.4680377389721096,32
7,GroupBlock,A,random_00,0.6785080794495448,32
7,StandardState,A,random_00,0.487287925184143,32
7,GroupBlock,A,random_01,0.6619983236847747,32
7,StandardState,A,random_01,0.462045849540677,32
7,GroupBlock,A,random_02,0.6742783073114633,32
7,StandardState,A,random_02,0.4949184805098072,32
7,GroupBlock,A,random_03,0.6911973958637896,32
7,StandardState,A,random_03,0.5023338574857238,32
7,GroupBlock,A,random_04,0.6772021129368653,32
7,StandardState,A,random_04,0.49112803111809983,32
7,GroupBlock,A,random_05,0.6507319260082256,32
7,StandardState,A,random_05,0.4544649507572623,32
7,GroupBlock,A,random_06,0.6679628871605949,32
7,StandardState,A,random_06,0.4874037904493917,32
7,GroupBlock,A,random_07,0.658021948034228,32
7,StandardState,A,random_07,0.474128941488041,32
7,GroupBlock,A,random_08,0.655468491121377,32
7,StandardState,A,random_08,0.4804684267152197,32
7,GroupBlock,A,random_09,0.6937898368516461,32
7,StandardState,A,random_09,0.5051146238516925,32
7,GroupBlock,A,random_10,0.6822505506500595,32
7,StandardState,A,random_10,0.4949184805098072,32
7,GroupBlock,A,random_11,0.6863828626006276,32
7,StandardState,A,random_11,0.4976992468757759,32
7,GroupBlock,A,random_12,0.6756037658616455,32
7,StandardState,A,random_12,0.47560208557477446,32
7,GroupBlock,A,random_13,0.6651365417227063,32
7,StandardState,A,random_13,0.494935032690557,32
7,GroupBlock,A,random_14,0.6464046936826306,32
7,StandardState,A,random_14,0.47533725068277743,32
7,GroupBlock,A,random_15,0.6439681889947956,32
7,StandardState,A,random_15,0.47340064553504924,32
7,GroupBlock,B,fixed,0.7004756057150654,32
7,StandardState,B,fixed,0.5079284945791608,32
7,GroupBlock,B,random_00,0.6760130986492018,32
7,StandardState,B,random_00,0.49920549532400893,32
7,GroupBlock,B,random_01,0.7207083406428474,32
7,StandardState,B,random_01,0.49947033021600595,32
7,GroupBlock,B,random_02,0.6752724012240999,32
7,StandardState,B,random_02,0.4920715054208392,32
7,GroupBlock,B,random_03,0.6696976784983334,32
7,StandardState,B,random_03,0.49117768766034925,32
7,GroupBlock,B,random_04,0.7076486755160517,32
7,StandardState,B,random_04,0.5240503186294795,32
7,GroupBlock,B,random_05,0.6482564372453853,32
7,StandardState,B,random_05,0.4805180832574692,32
7,GroupBlock,B,random_06,0.6768122721868117,32
7,StandardState,B,random_06,0.4867085988578995,32
7,GroupBlock,B,random_07,0.6752918932616027,32
7,StandardState,B,random_07,0.4879003558718861,32
7,GroupBlock,B,random_08,0.682581915287605,32
7,StandardState,B,random_08,0.48934039559711995,32
7,GroupBlock,B,random_09,0.6794826813246788,32
7,StandardState,B,random_09,0.4937598278573202,32
7,GroupBlock,B,random_10,0.6807886478373585,32
7,StandardState,B,random_10,0.4775386907225027,32
7,GroupBlock,B,random_11,0.6707502485234782,32
7,StandardState,B,random_11,0.49025076553835967,32
7,GroupBlock,B,random_12,0.6530124943960393,32
7,StandardState,B,random_12,0.48063394852271785,32
7,GroupBlock,B,random_13,0.6795606494746896,32
7,StandardState,B,random_13,0.490846644045353,32
7,GroupBlock,B,random_14,0.7078825799660838,32
7,StandardState,B,random_14,0.5076636596871638,32
7,GroupBlock,B,random_15,0.6797555698497164,32
7,StandardState,B,random_15,0.4955309111975503,32
7,GroupBlock,C,fixed,0.6488899284642223,32
7,StandardState,C,fixed,0.4853761483075395,32
7,GroupBlock,C,random_00,0.6803110929185427,32
7,StandardState,C,random_00,0.4934867168749483,32
7,GroupBlock,C,random_01,0.6620080697035261,32
7,StandardState,C,random_01,0.49014317636348587,32
7,GroupBlock,C,random_02,0.6586554392530651,32
7,StandardState,C,random_02,0.4831747082678143,32
7,GroupBlock,C,random_03,0.6947157086330235,32
7,StandardState,C,random_03,0.520532980220144,32
7,GroupBlock,C,random_04,0.698887004658597,32
7,StandardState,C,random_04,0.5019614334188529,32
7,GroupBlock,C,random_05,0.6742100851802039,32
7,StandardState,C,random_05,0.4876106927087644,32
7,GroupBlock,C,random_06,0.6631970839911896,32
7,StandardState,C,random_06,0.4835057518828106,32
7,GroupBlock,C,random_07,0.7055142974095082,32
7,StandardState,C,random_07,0.5100057932632625,32
7,GroupBlock,C,random_08,0.7298208681753504,32
7,StandardState,C,random_08,0.5145907473309609,32
7,GroupBlock,C,random_09,0.7206206264740853,32
7,StandardState,C,random_09,0.5287594140528015,32
7,GroupBlock,C,random_10,0.7089448960099799,32
7,StandardState,C,random_10,0.5161301001406935,32
7,GroupBlock,C,random_11,0.6558096017776738,32
7,StandardState,C,random_11,0.44864685922370273,32
7,GroupBlock,C,random_12,0.6930588854452956,32
7,StandardState,C,random_12,0.501779359430605,32
7,GroupBlock,C,random_13,0.6943648519579751,32
7,StandardState,C,random_13,0.48120499875858647,32
7,GroupBlock,C,random_14,0.6722413893924332,32
7,StandardState,C,random_14,0.4920632293304643,32
7,GroupBlock,C,random_15,0.6962750716332379,32
7,StandardState,C,random_15,0.4992965323181329,32
