target,split,config,n,mae,rmse,r2
Electronegativity,leave_period_out,z_poly,95,0.5749219226838016,0.6795644079507097,-0.15678766243329512
Electronegativity,leave_period_out,message_bits,95,0.5864732702299431,0.709675687775212,-0.26157261537926946
Electronegativity,leave_period_out,golay_bits,95,0.5865178390909216,0.7043695543266056,-0.24277798142677054
Electronegativity,leave_period_out,mog_planar,95,0.5632749717832831,0.6980980921867718,-0.22074597473649327
Electronegativity,leave_period_out,mog_stacked,95,0.5662485253801255,0.7021212259176705,-0.23485681685504822
Electronegativity,leave_period_out,mog_cylinder,95,0.5406245086347682,0.675618943782537,-0.14339433272997848
Electronegativity,leave_period_out,mog_sphere,95,0.5689349068268789,0.6936558223305218,-0.20525924257514228
Electronegativity,leave_period_out,gray_message_bits,95,0.627649340303057,0.7809337072462162,-0.5276389950860181
Electronegativity,leave_period_out,gray_golay_bits,95,0.6285912536928767,0.7960750226961671,-0.5874512400964662
Electronegativity,leave_period_out,gray_mog_planar,95,0.607029132468225,0.7387882241882291,-0.3672008746451092
Electronegativity,leave_period_out,gray_mog_stacked,95,0.601036808944608,0.7376990059006464,-0.3631724335450133
Electronegativity,leave_period_out,gray_mog_cylinder,95,0.5972786760187134,0.741358073615008,-0.37672893983045874
Electronegativity,leave_period_out,gray_mog_sphere,95,0.6515707791163391,0.8041083449181073,-0.6196513488002673
Electronegativity,leave_period_out,random_00,95,0.5601546866131889,0.6939642504071761,-0.2063312971089426
Electronegativity,leave_period_out,random_01,95,0.5145907356071272,0.6397358843462159,-0.025165123083755736
Electronegativity,leave_period_out,random_02,95,0.5116898110112694,0.6437856191027719,-0.03818545714565147
Electronegativity,leave_period_out,random_03,95,0.5394226886033925,0.6486965851665586,-0.05408497313706673
Electronegativity,leave_period_out,random_04,95,0.5560299094531509,0.6908151839255329,-0.19540797266783883
Electronegativity,leave_period_out,random_05,95,0.537110437692866,0.6610806528073291,-0.09471556538543213
Electronegativity,leave_period_out,random_06,95,0.5628219755702772,0.6799241071782152,-0.1580125816467648
Electronegativity,leave_period_out,random_07,95,0.5577902970893343,0.6805912345970074,-0.1602861322899085
Electronegativity,leave_group_out,z_poly,95,0.5424587202392132,0.6639364775774661,-0.10419419270133767
Electronegativity,leave_group_out,message_bits,95,0.5905283562900149,0.7122478251755585,-0.2707340354887273
Electronegativity,leave_group_out,golay_bits,95,0.6219916816520525,0.7528158159974612,-0.41961267396540314
Electronegativity,leave_group_out,mog_planar,95,0.60789582621255,0.7422499929292011,-0.380043585830643
Electronegativity,leave_group_out,mog_stacked,95,0.6127849666246854,0.740933556692833,-0.37515270448495586
Electronegativity,leave_group_out,mog_cylinder,95,0.5994824991138313,0.7370956216508094,-0.36094339327215974
Electronegativity,leave_group_out,mog_sphere,95,0.6517977962588251,0.7928938021966216,-0.574789262301846
Electronegativity,leave_group_out,gray_message_bits,95,0.5464040269383654,0.6729639710677358,-0.13442561999022962
Electronegativity,leave_group_out,gray_golay_bits,95,0.6043265922100404,0.7562526563751681,-0.4326042161109893
Electronegativity,leave_group_out,gray_mog_planar,95,0.6004409026377582,0.7333072184923818,-0.3469898365689208
Electronegativity,leave_group_out,gray_mog_stacked,95,0.5911955252565227,0.7260898293484058,-0.32060551180349206
Electronegativity,leave_group_out,gray_mog_cylinder,95,0.6032873284581634,0.7410711945021777,-0.37566365606484053
Electronegativity,leave_group_out,gray_mog_sphere,95,0.6207639216823156,0.7663453228430362,-0.47109737648375827
Electronegativity,leave_group_out,random_00,95,0.6003993441315526,0.7329882095808283,-0.34581813585540977
Electronegativity,leave_group_out,random_01,95,0.5626962211467548,0.6888617223072225,-0.1886568705664209
Electronegativity,leave_group_out,random_02,95,0.5558588273468884,0.6857556827044827,-0.17796185980357127
Electronegativity,leave_group_out,random_03,95,0.5823145307317705,0.6990073086043125,-0.2239278916802574
Electronegativity,leave_group_out,random_04,95,0.6041110921225997,0.7305064604194886,-0.3367202302290888
Electronegativity,leave_group_out,random_05,95,0.5999048236888881,0.7228271563838444,-0.3087639374400333
Electronegativity,leave_group_out,random_06,95,0.5940621025418646,0.7137536589691327,-0.2761128852675343
Electronegativity,leave_group_out,random_07,95,0.6087296141732805,0.7284151175999153,-0.3290774815975983
Electronegativity,shuffled_target,z_poly,95,0.5191636129372017,0.64840918144563,-0.05315115957879901
Electronegativity,shuffled_target,mog_planar,95,0.5679515438573358,0.696116059241542,-0.21382395625930806
AtomicRadius,leave_period_out,z_poly,99,24.87359266395258,35.10302174510022,0.16320624373787318
AtomicRadius,leave_period_out,message_bits,99,26.881000453502445,36.179921765963314,0.11107591842476139
AtomicRadius,leave_period_out,golay_bits,99,28.566089590152593,37.697230677063494,0.034953324151210774
AtomicRadius,leave_period_out,mog_planar,99,31.817477807867476,41.47023390523454,-0.16789122325600392
AtomicRadius,leave_period_out,mog_stacked,99,33.17358335777257,42.70477397333321,-0.23846084351630314
AtomicRadius,leave_period_out,mog_cylinder,99,33.20370057364392,42.446357719531136,-0.2235177788638376
AtomicRadius,leave_period_out,mog_sphere,99,33.123898735936265,42.46644957160142,-0.22467634971047223
AtomicRadius,leave_period_out,gray_message_bits,99,37.10837734985792,45.704316486530736,-0.41854743124223504
AtomicRadius,leave_period_out,gray_golay_bits,99,37.782778290802064,45.91066759380421,-0.43138558991281983
AtomicRadius,leave_period_out,gray_mog_planar,99,35.42684812654523,46.33503852377121,-0.45796964394121686
AtomicRadius,leave_period_out,gray_mog_stacked,99,35.52866160324214,47.18292491521221,-0.5118167205662616
AtomicRadius,leave_period_out,gray_mog_cylinder,99,34.339190713605866,45.73696151989433,-0.4205745949800408
AtomicRadius,leave_period_out,gray_mog_sphere,99,36.233280511568594,47.22337265324065,-0.5144098525993952
AtomicRadius,leave_period_out,random_00,99,31.354462473574852,41.91780775151301,-0.19323655035005438
AtomicRadius,leave_period_out,random_01,99,30.703555105726902,40.41350270546175,-0.10912989453369626
AtomicRadius,leave_period_out,random_02,99,28.95677045672319,39.11445206626605,-0.03897219831337573
AtomicRadius,leave_period_out,random_03,99,31.104558954229972,40.608513919101085,-0.11985970519532341
AtomicRadius,leave_period_out,random_04,99,32.81542934020441,43.26837072081375,-0.271365754137598
AtomicRadius,leave_period_out,random_05,99,30.60507974175668,40.737331206411724,-0.12697575452025567
AtomicRadius,leave_period_out,random_06,99,27.01113905614403,37.267513971105146,0.0568293651579328
AtomicRadius,leave_period_out,random_07,99,30.345369048062643,39.205720124330036,-0.04382644528660107
AtomicRadius,leave_group_out,z_poly,99,22.813267647683354,33.304585397846665,0.24675286583257794
AtomicRadius,leave_group_out,message_bits,99,24.226400940508864,34.50126193868987,0.19165010617552647
AtomicRadius,leave_group_out,golay_bits,99,27.74012834872098,38.42038107042559,-0.0024270122203116085
AtomicRadius,leave_group_out,mog_planar,99,32.76294737769144,42.131537077887394,-0.20543565267794928
AtomicRadius,leave_group_out,mog_stacked,99,33.25571955066435,42.59333756195307,-0.23200584779166022
AtomicRadius,leave_group_out,mog_cylinder,99,33.06203670818282,42.482711851846595,-0.22561449469662453
AtomicRadius,leave_group_out,mog_sphere,99,33.16796584020207,43.15943621763768,-0.26497211125552256
AtomicRadius,leave_group_out,gray_message_bits,99,28.736781863231112,38.22170711881244,0.007913395989976646
AtomicRadius,leave_group_out,gray_golay_bits,99,31.998321576636,40.766146617064265,-0.12857064321232348
AtomicRadius,leave_group_out,gray_mog_planar,99,34.70298749152016,45.59404796312441,-0.4117107712544068
AtomicRadius,leave_group_out,gray_mog_stacked,99,34.93659389135311,47.66737723850391,-0.5430213612817485
AtomicRadius,leave_group_out,gray_mog_cylinder,99,33.69867275316936,45.39566894454004,-0.39945283168223455
AtomicRadius,leave_group_out,gray_mog_sphere,99,35.02185185439586,45.42226477269848,-0.4010930987281518
AtomicRadius,leave_group_out,random_00,99,32.75706675386605,42.24317482380998,-0.2118323056002791
AtomicRadius,leave_group_out,random_01,99,31.12443068385889,40.52517246292268,-0.11526781263299712
AtomicRadius,leave_group_out,random_02,99,29.95176377106148,40.66247156004746,-0.1228376586446478
AtomicRadius,leave_group_out,random_03,99,31.677910050359824,40.93174282449422,-0.13775800139309902
AtomicRadius,leave_group_out,random_04,99,32.76713056965765,42.52589139746438,-0.2281071967602719
AtomicRadius,leave_group_out,random_05,99,32.31457174647422,42.61289762070797,-0.23313765109298057
AtomicRadius,leave_group_out,random_06,99,27.278392290992304,38.00935888830763,0.01890623997090235
AtomicRadius,leave_group_out,random_07,99,30.995533791223114,40.40510472177863,-0.10866898486961052
AtomicRadius,shuffled_target,z_poly,99,30.024753285516766,40.58664379513533,-0.11865380657211166
AtomicRadius,shuffled_target,mog_planar,99,30.89666710753115,40.35731096790155,-0.10604772626988801
IonizationEnergy,leave_period_out,z_poly,102,2.4339891282810275,3.2256640803756578,0.057530949691174116
IonizationEnergy,leave_period_out,message_bits,102,2.3167678706021757,3.2212501886205755,0.06010847177271905
IonizationEnergy,leave_period_out,golay_bits,102,2.505876267534022,3.3488425929142207,-0.01582358169623843
IonizationEnergy,leave_period_out,mog_planar,102,2.6584848471942357,3.6014472631741454,-0.17485140466911342
IonizationEnergy,leave_period_out,mog_stacked,102,2.690059157756591,3.6359730831427766,-0.1974851601475418
IonizationEnergy,leave_period_out,mog_cylinder,102,2.6461750582648387,3.594697881112987,-0.1704520117817503
IonizationEnergy,leave_period_out,mog_sphere,102,2.7265391846732627,3.6166661925701162,-0.18480171503886234
IonizationEnergy,leave_period_out,gray_message_bits,102,2.86139011973256,3.8431152050561437,-0.33781366623049447
IonizationEnergy,leave_period_out,gray_golay_bits,102,3.044576691268227,3.975275045350003,-0.43140716237358134
IonizationEnergy,leave_period_out,gray_mog_planar,102,2.792259169366394,3.7966989616717366,-0.30569321744577027
IonizationEnergy,leave_period_out,gray_mog_stacked,102,2.7796676508882796,3.774787574356969,-0.2906659556947344
IonizationEnergy,leave_period_out,gray_mog_cylinder,102,2.8001458444571248,3.7664361204212997,-0.28496125669370076
IonizationEnergy,leave_period_out,gray_mog_sphere,102,3.0126443674145547,4.050506095208046,-0.48609783392358286
IonizationEnergy,leave_period_out,random_00,102,2.6474861734987107,3.687795547547533,-0.23186323072237847
IonizationEnergy,leave_period_out,random_01,102,2.5641607362766132,3.4684252788457863,-0.08966626743163064
IonizationEnergy,leave_period_out,random_02,102,2.443435229960142,3.3979977504678036,-0.045863472297228425
IonizationEnergy,leave_period_out,random_03,102,2.390583289104537,3.4554611110918123,-0.08153565244145167
IonizationEnergy,leave_period_out,random_04,102,2.738575031314026,3.782193667032972,-0.29573546947078966
IonizationEnergy,leave_period_out,random_05,102,2.618636097694072,3.5640547492631223,-0.15058194500435595
IonizationEnergy,leave_period_out,random_06,102,2.3415398340368836,3.272414743469316,0.03001391879910853
IonizationEnergy,leave_period_out,random_07,102,2.4231035019417217,3.4148090898257606,-0.056237734299769304
IonizationEnergy,leave_group_out,z_poly,102,2.39554186234783,3.256361489050251,0.03950736062753435
IonizationEnergy,leave_group_out,message_bits,102,2.388052333445099,3.358396874480961,-0.021628159932388202
IonizationEnergy,leave_group_out,golay_bits,102,2.7485243738551683,3.5132073115264975,-0.11798603039003086
IonizationEnergy,leave_group_out,mog_planar,102,2.7736438141586093,3.7248518641493242,-0.25674403485675756
IonizationEnergy,leave_group_out,mog_stacked,102,2.7548219140884362,3.698938544498599,-0.23931884271670367
IonizationEnergy,leave_group_out,mog_cylinder,102,2.7105993785250213,3.6856526531045857,-0.2304320310328798
IonizationEnergy,leave_group_out,mog_sphere,102,2.8431517250989264,3.763715293642031,-0.28310544706595087
IonizationEnergy,leave_group_out,gray_message_bits,102,2.6170853308741457,3.566247855144242,-0.15199837913150382
IonizationEnergy,leave_group_out,gray_golay_bits,102,2.8926009237833354,3.821365058549055,-0.3227137785095797
IonizationEnergy,leave_group_out,gray_mog_planar,102,2.795318044103199,3.8587131043208274,-0.34869516620424257
IonizationEnergy,leave_group_out,gray_mog_stacked,102,2.764466055455455,3.812040632598835,-0.31626660631379866
IonizationEnergy,leave_group_out,gray_mog_cylinder,102,2.816686274035755,3.8702071407369165,-0.35674191077541506
IonizationEnergy,leave_group_out,gray_mog_sphere,102,2.8944732545078007,3.85141214175775,-0.3435963380455156
IonizationEnergy,leave_group_out,random_00,102,2.6979794478307575,3.6576631417998056,-0.21181474625042918
IonizationEnergy,leave_group_out,random_01,102,2.667300856481083,3.571669178571904,-0.15550352127216982
IonizationEnergy,leave_group_out,random_02,102,2.4536228720928968,3.4516834062694515,-0.07917215365070684
IonizationEnergy,leave_group_out,random_03,102,2.56511395839237,3.5860057985123177,-0.16479848216953097
IonizationEnergy,leave_group_out,random_04,102,2.811078831852585,3.8000758327400987,-0.3080168772869172
IonizationEnergy,leave_group_out,random_05,102,2.786692134174474,3.7430142149359273,-0.26902966400429285
IonizationEnergy,leave_group_out,random_06,102,2.469574648473139,3.389901211625569,-0.04088537255450819
IonizationEnergy,leave_group_out,random_07,102,2.533316200218488,3.491892992617334,-0.1044617352805346
IonizationEnergy,shuffled_target,z_poly,102,2.2796947955897475,3.2958407501685176,0.016076667781995346
IonizationEnergy,shuffled_target,mog_planar,102,2.521506035993853,3.564699709359291,-0.15099840694917477
ElectronAffinity,leave_period_out,z_poly,57,0.68359439386182,0.8984156422554713,-0.06292408687863205
ElectronAffinity,leave_period_out,message_bits,57,0.8697594291056726,1.0926459342261674,-0.5721954940050724
ElectronAffinity,leave_period_out,golay_bits,57,0.8759454745273251,1.1274516062674231,-0.6739537648521812
ElectronAffinity,leave_period_out,mog_planar,57,0.7342135923642921,0.9598736567187327,-0.21332119666926386
ElectronAffinity,leave_period_out,mog_stacked,57,0.7500677320855984,0.9693634835661918,-0.23743088196031725
ElectronAffinity,leave_period_out,mog_cylinder,57,0.7352264728007812,0.953145630746225,-0.19637178425396162
ElectronAffinity,leave_period_out,mog_sphere,57,0.7444642078859957,0.958725994686172,-0.21042154376612432
ElectronAffinity,leave_period_out,gray_message_bits,57,0.8099103209835518,1.0489568742461166,-0.44898171796138886
ElectronAffinity,leave_period_out,gray_golay_bits,57,0.7750199771349562,1.0222915135129027,-0.37624942393221184
ElectronAffinity,leave_period_out,gray_mog_planar,57,0.6399463960258227,0.8464285478685826,0.05652967623753391
ElectronAffinity,leave_period_out,gray_mog_stacked,57,0.7175305741133012,0.9407036780961131,-0.16534179657576353
ElectronAffinity,leave_period_out,gray_mog_cylinder,57,0.741435916911168,0.978352911024627,-0.26048801954957224
ElectronAffinity,leave_period_out,gray_mog_sphere,57,0.716814723959854,0.9648475158464368,-0.22592811512170297
ElectronAffinity,leave_period_out,random_00,57,0.8405896181685342,1.0196673861510683,-0.3691930831738648
ElectronAffinity,leave_period_out,random_01,57,0.7831334823552372,1.0167144265044408,-0.36127419225080315
ElectronAffinity,leave_period_out,random_02,57,0.840195517262261,1.0626810984273911,-0.4871458074701245
ElectronAffinity,leave_period_out,random_03,57,0.7550023310662657,0.9682720315552247,-0.23464588727594338
ElectronAffinity,leave_period_out,random_04,57,0.8080962337708466,1.030475727966238,-0.39837345952197367
ElectronAffinity,leave_period_out,random_05,57,0.7421680030152628,0.9760294415137281,-0.2545081164100256
ElectronAffinity,leave_period_out,random_06,57,0.8043627549336254,0.9895571595565805,-0.2895239415479576
ElectronAffinity,leave_period_out,random_07,57,0.7694961515080834,0.9392074084616915,-0.16163759330764083
ElectronAffinity,leave_group_out,z_poly,57,0.731655746011765,0.9500343202357879,-0.18857400657051682
ElectronAffinity,leave_group_out,message_bits,57,0.7556766457131342,1.0032786948408807,-0.3255338381293891
ElectronAffinity,leave_group_out,golay_bits,57,0.867492496611574,1.145952888422913,-0.7293431035219204
ElectronAffinity,leave_group_out,mog_planar,57,0.8351433402283497,1.0859938419361197,-0.5531105305154966
ElectronAffinity,leave_group_out,mog_stacked,57,0.8408911153164338,1.0835766480120705,-0.5462044299517905
ElectronAffinity,leave_group_out,mog_cylinder,57,0.8345686735339722,1.071908569487561,-0.5130843000803988
ElectronAffinity,leave_group_out,mog_sphere,57,0.8685199902947316,1.09822653535679,-0.5882962296671101
ElectronAffinity,leave_group_out,gray_message_bits,57,0.7410082170670078,0.9666043586392041,-0.23039664258945036
ElectronAffinity,leave_group_out,gray_golay_bits,57,0.8265994039057194,1.0799519475545072,-0.5358772343835037
ElectronAffinity,leave_group_out,gray_mog_planar,57,0.6944989790604704,0.907049565182904,-0.0834520061120465
ElectronAffinity,leave_group_out,gray_mog_stacked,57,0.7459730100990205,0.9794951310407631,-0.26343295911363906
ElectronAffinity,leave_group_out,gray_mog_cylinder,57,0.7700307591734581,0.996892975012041,-0.30871388540041744
ElectronAffinity,leave_group_out,gray_mog_sphere,57,0.7608597330490862,1.0037735623962831,-0.3268418006538767
ElectronAffinity,leave_group_out,random_00,57,0.8590776371516524,1.0947185074090757,-0.5781655535317802
ElectronAffinity,leave_group_out,random_01,57,0.7582512417999983,1.0111252445654373,-0.34634867120707025
ElectronAffinity,leave_group_out,random_02,57,0.8179368484096232,1.0667281114499376,-0.49849438343522934
ElectronAffinity,leave_group_out,random_03,57,0.7609041530846558,1.0089383768454936,-0.3405311871624408
ElectronAffinity,leave_group_out,random_04,57,0.8375487145055217,1.0688038639026118,-0.5043319154767301
ElectronAffinity,leave_group_out,random_05,57,0.8033045046498729,1.046689406830841,-0.4427241341531536
ElectronAffinity,leave_group_out,random_06,57,0.8121369645049408,1.0430115213103115,-0.43260298134620734
ElectronAffinity,leave_group_out,random_07,57,0.7235553554827119,0.9226045168874593,-0.12093077314033795
ElectronAffinity,shuffled_target,z_poly,57,0.6971580830770016,0.8849512683986455,-0.03130316659519128
ElectronAffinity,shuffled_target,mog_planar,57,0.7764238298827125,0.9782643292272525,-0.2602597762678207
MeltingPoint,leave_period_out,z_poly,103,708.1820513128582,884.4355628954517,0.00021015290035297784
MeltingPoint,leave_period_out,message_bits,103,740.6343400900037,944.8063777200724,-0.1409377778708869
MeltingPoint,leave_period_out,golay_bits,103,761.1666165455418,960.6377787409397,-0.17949377180203263
MeltingPoint,leave_period_out,mog_planar,103,722.7348726567348,889.6744131581474,-0.011669201843315768
MeltingPoint,leave_period_out,mog_stacked,103,737.0431223183002,907.5482772437617,-0.05272709612882909
MeltingPoint,leave_period_out,mog_cylinder,103,748.1377103126822,913.794887190994,-0.06726870625193038
MeltingPoint,leave_period_out,mog_sphere,103,723.5115221069678,923.2710771962232,-0.08951895338438343
MeltingPoint,leave_period_out,gray_message_bits,103,844.7618262023516,1050.9129663254107,-0.41159408173656686
MeltingPoint,leave_period_out,gray_golay_bits,103,869.1725754569234,1080.5909825277647,-0.49244730483085375
MeltingPoint,leave_period_out,gray_mog_planar,103,813.3624798623217,990.777291379551,-0.2546668281502611
MeltingPoint,leave_period_out,gray_mog_stacked,103,830.1702959552501,1014.2556953049353,-0.31483494511814225
MeltingPoint,leave_period_out,gray_mog_cylinder,103,824.9675647949741,1008.0833698851094,-0.2988805951577087
MeltingPoint,leave_period_out,gray_mog_sphere,103,812.766843529462,987.5622313466318,-0.24653728310312673
MeltingPoint,leave_period_out,random_00,103,752.9399400036747,939.3822567927314,-0.12787516455155812
MeltingPoint,leave_period_out,random_01,103,747.2599096229441,940.6156370729337,-0.13083884033255866
MeltingPoint,leave_period_out,random_02,103,739.8736696960447,943.6094371235621,-0.13804878444262747
MeltingPoint,leave_period_out,random_03,103,745.1388990335032,930.2807168353849,-0.10612540122615743
MeltingPoint,leave_period_out,random_04,103,802.1137372430043,1011.1296944234188,-0.306742624207055
MeltingPoint,leave_period_out,random_05,103,754.6838765398002,955.113572983433,-0.1659672756044306
MeltingPoint,leave_period_out,random_06,103,758.3117557039978,939.7114804913364,-0.12866587205973845
MeltingPoint,leave_period_out,random_07,103,750.4774152687012,950.9232100922843,-0.15575883889640307
MeltingPoint,leave_group_out,z_poly,103,726.3024085203866,901.4271521889995,-0.03857436525614344
MeltingPoint,leave_group_out,message_bits,103,636.9425203377458,824.9356740284211,0.13020581922563834
MeltingPoint,leave_group_out,golay_bits,103,701.2476777073532,891.9562332855991,-0.016865276820228425
MeltingPoint,leave_group_out,mog_planar,103,765.4754540473011,916.3210141456207,-0.07317765326231518
MeltingPoint,leave_group_out,mog_stacked,103,776.6594369934977,926.5574963480359,-0.09728912774342646
MeltingPoint,leave_group_out,mog_cylinder,103,803.98800088031,957.2761979083351,-0.17125335819151322
MeltingPoint,leave_group_out,mog_sphere,103,752.5387930288742,925.3150816721743,-0.09434840553366053
MeltingPoint,leave_group_out,gray_message_bits,103,740.1355977449163,920.3193083798756,-0.08256353749873835
MeltingPoint,leave_group_out,gray_golay_bits,103,817.6172763077009,1021.6633342396805,-0.334110932588094
MeltingPoint,leave_group_out,gray_mog_planar,103,822.0215199500212,1009.8767627308828,-0.30350615541415893
MeltingPoint,leave_group_out,gray_mog_stacked,103,848.4427250675362,1046.0636216251482,-0.39859678706307977
MeltingPoint,leave_group_out,gray_mog_cylinder,103,827.5092406495194,1021.2118994213947,-0.33293220560974524
MeltingPoint,leave_group_out,gray_mog_sphere,103,822.0276308701401,1002.159425781858,-0.2836598542163058
MeltingPoint,leave_group_out,random_00,103,753.2808312049259,928.3282436478637,-0.10148720163655844
MeltingPoint,leave_group_out,random_01,103,774.5894866992751,962.250566229587,-0.1834575335364239
MeltingPoint,leave_group_out,random_02,103,734.6911469284095,908.3053126680459,-0.05448410259176972
MeltingPoint,leave_group_out,random_03,103,771.2445630086567,953.0622781119388,-0.16096436413785908
MeltingPoint,leave_group_out,random_04,103,822.0712983072461,1001.8620219947211,-0.2828980818968103
MeltingPoint,leave_group_out,random_05,103,758.2770396967312,950.8121706833408,-0.15548893847929945
MeltingPoint,leave_group_out,random_06,103,771.7446809137163,953.3818169194003,-0.1617429813722695
MeltingPoint,leave_group_out,random_07,103,751.3219996013016,952.6709645153351,-0.16001120947724634
MeltingPoint,shuffled_target,z_poly,103,705.1555542386619,877.4762710140594,0.01588219364888932
MeltingPoint,shuffled_target,mog_planar,103,757.6067181019083,932.4699610433303,-0.1113376515792226
BoilingPoint,leave_period_out,z_poly,93,1286.8423763952242,1491.8074457420623,0.1083489312444692
BoilingPoint,leave_period_out,message_bits,93,1325.9427712626025,1585.3420502994434,-0.006967263799607881
BoilingPoint,leave_period_out,golay_bits,93,1384.7865651207558,1660.0672266477998,-0.10413136004197021
BoilingPoint,leave_period_out,mog_planar,93,1405.9731030883115,1669.251231771304,-0.11638194565039495
BoilingPoint,leave_period_out,mog_stacked,93,1430.5278513444127,1698.4735483444606,-0.15581138732055488
BoilingPoint,leave_period_out,mog_cylinder,93,1405.8197103878888,1692.3470088713427,-0.14748820444327837
BoilingPoint,leave_period_out,mog_sphere,93,1425.1351966728416,1706.2934395953132,-0.1664787608478575
BoilingPoint,leave_period_out,gray_message_bits,93,1537.13927114377,1740.3394888711207,-0.21349318811342366
BoilingPoint,leave_period_out,gray_golay_bits,93,1505.1008500585967,1765.294601187155,-0.24854379208994848
BoilingPoint,leave_period_out,gray_mog_planar,93,1456.981882041721,1743.0525235932807,-0.21727959339534375
BoilingPoint,leave_period_out,gray_mog_stacked,93,1470.1730312605023,1755.505112865582,-0.23473452255194815
BoilingPoint,leave_period_out,gray_mog_cylinder,93,1504.0919873385972,1783.9817312327477,-0.27511747904589723
BoilingPoint,leave_period_out,gray_mog_sphere,93,1480.9878480634877,1759.2099976958477,-0.2399516834930937
BoilingPoint,leave_period_out,random_00,93,1367.3774026965068,1606.1603291044707,-0.03358734565773713
BoilingPoint,leave_period_out,random_01,93,1448.9226659799638,1716.4886167374132,-0.18045992762368912
BoilingPoint,leave_period_out,random_02,93,1392.187184757159,1659.587199706203,-0.10349290858431703
BoilingPoint,leave_period_out,random_03,93,1438.424849007535,1683.4597075376607,-0.13546786111797804
BoilingPoint,leave_period_out,random_04,93,1525.8472726325788,1842.3724483415,-0.35995411151423284
BoilingPoint,leave_period_out,random_05,93,1355.577343433576,1660.02680895062,-0.10407759607027045
BoilingPoint,leave_period_out,random_06,93,1363.2371379127337,1625.2458826165737,-0.05829694530133356
BoilingPoint,leave_period_out,random_07,93,1371.5591668607458,1664.7542608400377,-0.11037497119861217
BoilingPoint,leave_group_out,z_poly,93,1344.0157030716432,1549.2464102449023,0.038364714406587175
BoilingPoint,leave_group_out,message_bits,93,1176.8861881326916,1410.3457647501498,0.203069238307655
BoilingPoint,leave_group_out,golay_bits,93,1271.0976627813277,1528.806177072976,0.06357230139900227
BoilingPoint,leave_group_out,mog_planar,93,1480.0766801081138,1717.3121728954227,-0.18159294796966585
BoilingPoint,leave_group_out,mog_stacked,93,1479.3941150453372,1727.8182248560488,-0.19609450392079864
BoilingPoint,leave_group_out,mog_cylinder,93,1517.7042912667764,1772.5449141728056,-0.25882074287790946
BoilingPoint,leave_group_out,mog_sphere,93,1441.4836343094855,1710.4626960850858,-0.17218620919845273
BoilingPoint,leave_group_out,gray_message_bits,93,1402.5368313202157,1609.4478019866963,-0.037822748179668686
BoilingPoint,leave_group_out,gray_golay_bits,93,1475.2307544170512,1771.9050249606248,-0.25791203764501547
BoilingPoint,leave_group_out,gray_mog_planar,93,1458.6231337717275,1744.7205927077705,-0.21961053643300277
BoilingPoint,leave_group_out,gray_mog_stacked,93,1487.7735849312019,1793.1274334747677,-0.2882249421973295
BoilingPoint,leave_group_out,gray_mog_cylinder,93,1488.7284556512548,1774.7712621821663,-0.2619849313545828
BoilingPoint,leave_group_out,gray_mog_sphere,93,1528.1710690690095,1792.1345419362194,-0.2867987038854809
BoilingPoint,leave_group_out,random_00,93,1342.1262371473376,1593.0138164321943,-0.01673664982478229
BoilingPoint,leave_group_out,random_01,93,1483.7830949868455,1747.8212755378088,-0.22394932372116938
BoilingPoint,leave_group_out,random_02,93,1334.7007589599818,1595.5874178209099,-0.02002449142159346
BoilingPoint,leave_group_out,random_03,93,1482.9221151648565,1735.8522532484335,-0.20724359141899584
BoilingPoint,leave_group_out,random_04,93,1479.5779182479562,1766.253440391983,-0.24990048106338403
BoilingPoint,leave_group_out,random_05,93,1385.6382690001628,1707.6536886395993,-0.16833932484968184
BoilingPoint,leave_group_out,random_06,93,1385.9932033324237,1672.431006749209,-0.12063921307272696
BoilingPoint,leave_group_out,random_07,93,1359.7725958012725,1624.4876983302145,-0.057309775341431335
BoilingPoint,shuffled_target,z_poly,93,1376.9147511548078,1614.325883556801,-0.04412336397773342
BoilingPoint,shuffled_target,mog_planar,93,1408.0931951939508,1705.7282336609912,-0.16570610181202983
Density,leave_period_out,z_poly,96,3.1520155138410306,4.143381759812392,0.4980087534514972
Density,leave_period_out,message_bits,96,3.5073870340130733,4.360113254419503,0.44411905767316073
Density,leave_period_out,golay_bits,96,3.603095971561715,4.473340593974052,0.4148729488315852
Density,leave_period_out,mog_planar,96,4.6762312038163545,5.943972442796907,-0.03309395212420552
Density,leave_period_out,mog_stacked,96,4.7841126298156516,6.063046645483657,-0.07490000136756647
Density,leave_period_out,mog_cylinder,96,4.766812840639255,6.091307310990797,-0.08494385809355443
Density,leave_period_out,mog_sphere,96,5.022974552667439,6.237310508801769,-0.1375774492170303
Density,leave_period_out,gray_message_bits,96,4.004062132819193,4.816402773827068,0.3216843452353759
Density,leave_period_out,gray_golay_bits,96,4.104904266231414,4.898576053307484,0.2983412349065212
Density,leave_period_out,gray_mog_planar,96,4.633447237701135,6.065198486553057,-0.07566312412105725
Density,leave_period_out,gray_mog_stacked,96,4.785096191585766,6.205363769941774,-0.12595422786136057
Density,leave_period_out,gray_mog_cylinder,96,4.759766983047594,6.175353928601614,-0.11509007756845002
Density,leave_period_out,gray_mog_sphere,96,4.488929634950829,5.980077938662231,-0.045682723915940304
Density,leave_period_out,random_00,96,4.949540872210093,5.959587596842156,-0.038529075217002884
Density,leave_period_out,random_01,96,4.2862156522577655,5.548892506755378,0.09967591565153255
Density,leave_period_out,random_02,96,4.654480519604708,5.843655466308113,0.0014830309326563373
Density,leave_period_out,random_03,96,4.720581107882733,5.887825813309687,-0.013668967179217839
Density,leave_period_out,random_04,96,5.254486829900619,6.426225837624539,-0.2075307874582777
Density,leave_period_out,random_05,96,4.72389815681507,5.799327022575904,0.016574550575246816
Density,leave_period_out,random_06,96,4.487273182611651,5.579637498804539,0.08967134557141443
Density,leave_period_out,random_07,96,4.439131765595888,5.521470858467591,0.1085524140048777
Density,leave_group_out,z_poly,96,3.269746770637959,4.247966311111464,0.4723470478743239
Density,leave_group_out,message_bits,96,2.9693912865707226,3.694585824185016,0.6008668830590748
Density,leave_group_out,golay_bits,96,3.3398644369264865,4.15408121057674,0.4954128230053231
Density,leave_group_out,mog_planar,96,4.322475613422304,5.536132886771518,0.10381172658490756
Density,leave_group_out,mog_stacked,96,4.477526804822639,5.7017755015753595,0.049381040376534235
Density,leave_group_out,mog_cylinder,96,4.4173093899336715,5.697221021175466,0.050899110045503515
Density,leave_group_out,mog_sphere,96,4.412075058449585,5.603351079522852,0.0819170694327146
Density,leave_group_out,gray_message_bits,96,3.5528176221895893,4.348330744499436,0.4471193572586468
Density,leave_group_out,gray_golay_bits,96,4.00074146643743,4.8735714619055,0.30548613270449565
Density,leave_group_out,gray_mog_planar,96,4.517156960210105,5.784743960790452,0.021514200489288315
Density,leave_group_out,gray_mog_stacked,96,4.604656026649066,5.899861744013283,-0.017817500084400306
Density,leave_group_out,gray_mog_cylinder,96,4.558035898749023,5.8917864002038955,-0.0150331632182652
Density,leave_group_out,gray_mog_sphere,96,4.426577670212725,5.720643335104593,0.04307921505159562
Density,leave_group_out,random_00,96,4.475262768158444,5.528479097044491,0.10628800207906774
Density,leave_group_out,random_01,96,4.25935204496357,5.521170467651281,0.10864940822640956
Density,leave_group_out,random_02,96,4.243316713493345,5.360625360366118,0.15973329014450477
Density,leave_group_out,random_03,96,4.444656048409527,5.592632106922896,0.085426217091086
Density,leave_group_out,random_04,96,4.734298942816491,5.9814611611362745,-0.04616652333811788
Density,leave_group_out,random_05,96,4.312553896278037,5.328315801421171,0.16983167599155113
Density,leave_group_out,random_06,96,4.350007734874306,5.383857666886806,0.15243427780718266
Density,leave_group_out,random_07,96,4.157690121175043,5.235840015241065,0.1983976525133444
Density,shuffled_target,z_poly,96,4.615256217225326,5.928148433475673,-0.02760068036892105
Density,shuffled_target,mog_planar,96,5.0661868195420965,6.348242314685489,-0.1784013617051461
